企业名称,企业性质,所在城市,薪资待遇,作息时间,学历要求,核心业务,对口专业,深度调研结论,风险提示,官方网址
"上海华理安全装备有限公司","民企","上海市上海市","未知","待核对","待核对","爆破片装置,无焰泄放,隔爆阀,管道阻火","关注防爆电器、工业爆炸防护装备及配套的学生。,希望寻找长三角或华东区域防爆制造板块的学生。","上海华理安全装备有限公司是国内专业的防爆安全装备 / 爆破片领域主体，产品包括爆破片装置、无焰泄放、隔爆阀、管道阻火等。其产品及方向适用于弹药与爆炸技术防爆管理及配套，但具体岗位及作息待遇数据尚未被官方招聘直接佐证，需以当年最新材料核实。","当前无公开可考证的薪资与作息数据。;具体生产及研发岗位的学历门槛可能发生变化。;独立校招公告需按学校就业网最新批次更新。","https://www.hl130.com/Home"
"上海华龙测试仪器有限公司","民企","上海市上海市","未知","待核对","本科及以上","极端环境测试,智能化测试仪器,力学性能测试,专精特新","兵器类,探测制导,安全工程,机械自动化","上海华龙测试仪器是国内知名的试验机制造商，主营万能材料、疲劳等力学测试设备，可用于极端环境下的性能评估。设备在航空航天、军工领域有广泛应用，核心业务与机械、材料、兵器类专业对口，是一家具备深厚技术积淀的优质民企。","暂未发现明显公开风险;部分福利及作息细则需入职前核实","http://www.shhualong.com"
"上海合时智能科技有限公司","民企","待核对上海","未知","待核对","本科及以上","特种机器人,排爆机器人,自动化装备,专精特新","兵器类,探测制导,安全工程,机械自动化","上海合时智能科技有限公司是一家专注于反恐排爆、侦检、武装及扫雷等特种机器人研发的专精特新企业。公司掌握防爆设计与智能控制等核心技术，其业务与弹药工程、探测制导及机械自动化等专业高度契合。对于希望从事特种装备和军用机器人研发的毕业生而言，这是一个具备深厚技术积累与广阔前景的平台。","暂未发现明显公开风险;部分福利及作息细则需入职前核实","http://www.hrstek.com/"
"上海复合材料科技有限公司","国企","闵行区上海","未知","待核对","本科及以上","航天八院下属,航天复合材料结构,功能性复合材料","兵器类,探测制导,安全工程,机械自动化","该公司作为中国航天科技集团第八研究院下属的复合材料技术研发中心，主营弹、箭、星、船结构及功能性复合材料产品的研发与生产。其核心业务与弹药工程、探测制导及特种材料专业高度对口。依托航天国企平台，项目资源丰富且稳定性高，非常适合相关军工专业的应届毕业生投身国防事业并获得长远的职业发展。","国企涉密单位可能有较严的保密要求;实际加班情况及待遇网端信息较少","https://www.zju.edu.cn/"
"中国兵器工业试验测试研究院","国企","陕西省西安市","未知","待核对","硕士及以上为主","兵器工业集团直属,国防科技工业陆上常规武器试验基地,051基地","兵器科学与技术、弹药工程专业毕业生,倾向于军工体制内科研与试验单位的学生","该研究院是兵器工业集团下属的唯一陆上常规武器试验基地，主要从事兵器工业的科研试验与测试工作，业务范围与弹药工程、控制工程高度匹配。虽缺乏独立官网，但通过各大高校就业网常年开展针对涉军工专业的校招，值得弹药工程相关专业的学生作为重点就业去向进行关注和投递。","官方直聘入口和网申链接需进一步核对获取;待遇和作息制度暂无公开可靠依据","https://www.job.sjtu.edu.cn/test1"
"中国兵器工业集团北方特种能源集团有限公司","待核对","陕西省待核对","未知","待核对","硕士研究生","火工品研发生产,民爆器材产业,汽车安全系统,新能源板块","爆炸技术专业本科或硕士毕业生,对军工含能材料感兴趣的求职者,关注军民融合产业的学生","该企业隶属于中国兵器工业集团，业务聚焦火工品、含能材料与民爆，属于弹药工程与爆炸技术专业相关领域。适合对军工含能材料感兴趣的本科/硕士学生，但工作地点多为陕西西安等，岗位存在现场验证风险。无公开薪资与作息信息，需关注集团招聘平台最新公告。总体适合有爆炸技术专业背景的求职者。","工作地点为陕西西安为主，签约单位可能为子公司;岗位可能涉及现场试验或保密岗位;薪资与作息缺乏公开数据;招聘公告时间不固定，需实时关注;信息以公开渠道为主，具体条件建议核实","https://www.norincogroup.com.cn/"
"中国兵器工业集团江山重工研究院有限公司","国企","湖北省襄阳市高新区襄阳；武汉；南京","硕士12-20万；博士30-40万（招聘公告薪酬，具体岗位未指定）","待核对","硕士研究生及以上（博士后研究员为博士研究生）","国家火箭炮武器研发制造基地,国防科技工业科研生产双保军企业,多基地协同发展,省级技术创新中心","具有爆炸技术、弹药工程、材料科学等相关专业背景的硕士及以上学生,对军工装备研发感兴趣，愿意从事试验验证或工艺制造工作的学生,计划从事国防科技领域，愿意跨区域工作的学生,关注含能材料、火工品相关课题的学生","该企业与弹药工程与爆炸技术专业学生相关度高。属于中国兵器工业集团直属子公司，业务聚焦国家火箭炮武器研发制造基地，具备火控、动力学、材料、工艺等专业需求。招聘以硕士为主，博士后为特色，工作地点包括襄阳、武汉、南京三地。福利包括购房补贴、安家费、六险两金等。属于典型军工科研生产企业，适合对国防装备感兴趣、有爆炸/弹药相关专业背景的学生。资料来源于公开招聘公告和官方渠道，来源可靠但无官方公司官网，招聘公告可能因时效性需关注微信公众号更新。","招聘公告截止日期为2026-06-10，当前（2026-06-08）仍处于招募期但需及时投递;工作地点包括襄阳、武汉、南京，签约单位可能为分公司而非总部;军工企业岗位可能涉及涉密、现场试验或倒班情况;无独立官网，招聘信息主要通过微信公众号发布，需关注更新;薪酬为公告规定，实际执行可能因岗位差异",""
"中煤科工集团淮北爆破技术研究院有限公司","国企","安徽淮北市","未知","待核对","本科及以上，硕士岗位较多（招聘样本，待核对）","央企下属,民爆研发,爆破工程,安全评价","关注民爆科研和检测方向的学生,关注爆破工程技术研发的学生,关注安全评价和技术支持岗位的学生","中煤科工集团淮北爆破技术研究院有限公司官网显示，其面向民用爆破器材、爆破工程技术和安全技术方向，和弹药工程、爆破工程及安全评价相关。招聘简章提供岗位样本，但薪资、作息、岗位有效期和具体工作地点仍需按最新公告复查。","招聘简章有时效性，岗位是否仍开放需复查。;薪资和作息未形成稳定公开证据。;部分岗位可能要求硕士或相关资质。;实际工作内容可能包含现场技术支持。","https://www.hbccri.com/"
"中煤科工集团重庆研究院有限公司","国企","重庆市重庆市","未知","待核对","待核对","安全技术,民爆技术线索,安全评价,招聘入口","关注安全技术、检测评价和民爆技术的学生。,想看央企科研院所型就业入口的学生。,能接受现场测试或工程服务可能性的学生。","中煤科工集团重庆研究院有限公司可作为煤矿安全、工业安全、民爆技术和安全评价方向入口。智联、国聘、猎聘和政府资料能支撑相关性；官网连通性、最新岗位、薪资、作息、签约主体和现场工作要求仍需复查。","官网入口连通性需复查。;民爆技术只是业务线索，需按具体部门判断匹配度。;岗位可能分布在分院或项目现场。;薪资、作息和出差要求没有稳定公开口径。","https://www.zhaopin.com/companydetail/jobs-CZ255849730/"
"中科科正自动化工程有限公司","待核对","安徽合肥","6k-15k/月（样本值，待核对）","双休","本科及以上","民爆智能装备,乳化炸药自动化生产线,粉料包装及自动配料系统,机器人包装码垛生产线,智能工厂建设","兵器类,探测制导,安全工程,机械自动化","中科科正自动化工程有限公司由中科院合肥物质科学研究院与相关企业联合组建，专注于民爆智能装备、乳化炸药自动化生产线及智能工厂建设。其核心业务与弹药工程及爆炸技术专业的高端制造、自动化转型方向高度契合，科研实力雄厚，非常适合该专业毕业生在智能制造、工艺研发与技术支持等岗位发展。","暂未发现明显公开风险;部分福利及作息细则需入职前核实","http://www.hfkzgc.com/"
"中钢集团马鞍山矿山研究总院股份有限公司","国企","安徽省马鞍山市","未知","待核对","硕士岗位样本较多，具体待核对","安全技术,检测评价,爆破工程线索,招聘宣讲","关注安全技术和检测评价方向的学生。,关注矿山爆破、岩土和项目管理的学生。,硕士阶段想找技术服务或研究岗位的学生。","中钢集团马鞍山矿山研究总院股份有限公司可作为矿山安全、检测评价和爆破工程技术入口。官网、集团入口和学校就业网资料可支撑相关性；具体岗位、学历、薪资、作息、项目地点和出差要求仍需按最新公告复查。","岗位可能偏矿山安全，不一定直接对应弹药生产。;招聘岗位和学历要求需按最新公告核对。;部分项目可能涉及现场试验或出差。;薪资和作息没有稳定公开口径。","https://www.mimr.cn/"
"云南安爆数码电子科技有限公司","民企","云南省昆明市","未知","待核对","本科及以上","芯片模组研发实力,中爆协专委会成员,起爆器研发","倾向在深圳或昆明发展的微电子硬件工程师,希望进入电子雷管上游核心部件开发的学生","少数在电子雷管芯片模组与组网技术上具备强劲研发实力的独立科技公司，且在深圳有研发中心。它非常适合微电子、通信工程及弹药工程背景的硬件学生。同时是中国爆破器材行业协会的活跃成员。","具体薪资待遇水平待核实;校招宣讲规模较小，多依赖社招渠道;两地办公研发的机制需应聘者确认","https://www.anbao-corp.com"
"云南民爆集团有限责任公司","国有企业","云南省昆明市","未知","待核对","本科及以上；研究生可优先（待核对）","云南省省属国有企业,民用爆破器材生产企业,国家级高新技术企业,民爆器材生产基地","弹药工程与爆炸技术专业学生,对民爆工程感兴趣的本科生,关注军工/含能材料领域的专业学生,可作为实习或初次就业的国企选项","云南民爆集团有限责任公司是云南省省属全资国有企业，隶属戎合控股，核心业务为民用爆破器材生产与工程爆破服务，与弹药工程与爆炸技术专业高度匹配。该企业生产规模大（年产炸药34.2万吨、雷管4.1亿发），具备民爆科研、设备制造、试验验证能力。招聘信号来自省国资委平台及戎合控股官网，岗位包括技术研发与安全技术，学历要求本科及以上，工作地点主要在云南昆明及异地生产基地。总体可作为弹药工程相关学生实习或就业参考，风险点在于部分岗位可能涉及生产现场或异地分公司在非昆明城市。","部分招聘公告可能仅覆盖子公司（如锐达民爆）;工作地点可能为昆明总部或异地分厂（如文山、水富、海南昌江）;部分岗位可能需涉及生产现场或安全保密要求;招聘信息需以官方平台为准，具体薪资与作息待最新公告;公告有效期可能较短","http://ynrhkg.com/"
"云南燃一化工科技有限责任公司","国企","云南曲靖","未知","待核对","本科及以上历史线索，具体以最新公告为准","民爆器材,含能材料,历史招聘,集团线索","关注民爆器材、含能材料和生产技术方向的学生。,能接受曲靖陆良等非省会工作地点的学生。,愿意按最新公告核对岗位、薪资和签约主体的学生。","公开招聘和集团线索显示，云南燃一与民爆器材、含能材料及相关技术岗位关联较强。现有证据多为历史公告和转载线索，适合作为后续就业核对对象，但官网、最新校招、薪资、作息和具体岗位仍需复查。","官网入口未稳定确认，不能直接写成已核验官网。;多个招聘公告为历史样本，不能代表当前岗位。;部分岗位可能涉及生产现场、安全管控或倒班。;第三方转载和公众号线索不能单独支撑薪资、待遇或岗位结论。","https://rsj.qj.gov.cn/view/gsgg/113679.html"
"云南达力爆破工程有限责任公司","国企","云南省曲靖市","未知","待核对","待核对，具体以最新公告为准","西南入口,专业爆破,公开招聘,现场混装线索","关注西南爆破工程和现场服务的学生。,关注安全员、爆破员和技术员岗位的学生。,能接受项目现场和证书要求的学生。","云南达力爆破工程有限责任公司可作为西南专业爆破工程入口。公开招聘、国聘入口和政府许可资料显示其与爆破作业、现场服务和安全岗位相关；具体薪资、作息、证书要求、岗位有效期和项目地点仍需复查。","官网入口连通性需复查。;招聘公告有时效性，岗位可能调整或取消。;项目地点可能分散在不同分公司或工地。;薪资和作息未形成稳定公开口径。","https://www.5rc.com/zhaokao/599886/"
"保利联合化工控股集团股份有限公司","国企","贵州贵阳","未知","待核对","待核对","央企体系,民爆业务,爆破工程,多地子公司","关注民爆生产、爆破工程和安全管理的学生。,能接受多地子公司或工程现场差异的学生。,希望进入央企相关民爆平台的学生。","公开资料显示，保利联合业务以民爆产品和爆破工程为主，属于保利体系相关企业，与弹药工程、爆破工程和安全技术方向关联明确。现有招聘入口偏集团层面，具体岗位、签约主体、薪资和作息不能直接确定。","招聘可能由下属企业发布，需确认签约主体。;工程类岗位可能存在项目现场和出差。;薪资、作息和福利没有稳定公开口径。;年报中的经营风险不能替代岗位风险说明。","https://www.poly-union.com/"
"兰州中诚信工程安全咨询有限责任公司","民企","甘肃省兰州市","未知","待核对","本科","专业安评机构,应急管理部甲级资质,独立第三方","倾向从事安评师职业的安全工程学生,希望留在甘肃兰州发展的毕业生","兰州中诚信拥有应急管理部核发的安全评价甲级资质，并多次中标甘肃省内相关的安全预评价和评审项目。对于安全工程专业的学生，如果是选择回西北从事独立的第三方安全评价与咨询工作，这是一个专业对口的民营企业。","民企第三方安评行业的长期待遇和稳定性待核实;目前无详细透明的校园招聘宣讲记录","http://www.lzcx.net"
"内蒙古北方重工业集团有限公司","国有企业","内蒙古自治区包头市","未知","待核对","待核对","中国兵器工业集团所属特大型企业,火炮研发生产基地,高强韧炮钢研发生产基地,矿用车研发生产基地","关注军工企业及武器装备制造的机械或材料专业学生,希望在兵器工业集团平台进行校招的毕业生,对火炮研发或特种装备感兴趣的弹药工程与爆炸技术专业学生,长期发展于大型国企的就业选择","内蒙古北方重工业集团有限公司作为中国兵器工业集团旗下国有特大型企业，总部位于包头市，主要从事火炮武器系统、高强韧炮钢及矿用车辆研发生产，属于军工行业范畴。南京分公司则侧重汽车机械制造业务。企业通过中国兵器工业集团校园招聘平台发布校招信息，面向机械、材料等相关专业学生。业务与弹药工程及爆炸技术专业虽无直接火工品或民爆产品线，但火炮研发涉及武器系统制造，具有一定学术交流与就业关联度。招聘信息主要在集团官网及招聘平台公开，未见具体薪资或作息细节。企业规模较大，部分岗位可能涉及军工保密与现场工作环境，建议关注最新招聘公告。","招聘岗位与具体要求需实时在集团平台核对，可能存在保密岗位;南京分公司与总部业务不同，签约单位可能为分公司而非总公司;部分岗位可能涉及现场制造或保密要求;公告可能存在时效性，建议关注最新信息;无公开薪资及作息数据","http://www.bfzg.com"
"内蒙古生力民爆股份有限公司","民企","内蒙古鄂尔多斯","未知","待核对","本科及以上","工业炸药,现场混装炸药车,矿山爆破一体化服务","兵器类,探测制导,安全工程,机械自动化","内蒙古生力民爆作为区域内民企百强及民爆骨干，依托当地丰富的矿产资源提供爆破一体化服务与现场混装车作业。其主营业务紧密围绕工业炸药展开，对化工、弹药与安全工程等对口专业毕业生具有极高的专业契合度，是非常理想的专业对口就业选择。","暂未发现明显公开风险;部分福利及作息细则需入职前核实","http://www.shengliminbao.cn/"
"内蒙古航天红峡化工有限公司","国有","内蒙古呼和浩特","未知","待核对","硕士研究生为主","固体火箭发动机装药总装,火炸药产品生产,特种功能材料制备,安全工程相关岗位","本科/硕士化学工程、机械、材料、爆炸技术等专业学生,对军工含能材料感兴趣的毕业生,希望在航天安全技术领域发展的学生,关注国企稳定就业的求职者","内蒙古航天红峡化工有限公司隶属于中国航天科工集团第六研究院，位于呼和浩特市，是国有军工企业，主营固体火箭发动机装药研发、生产与总装，业务涉及火炸药相关产品和特种功能材料，属于含能材料领域。该公司定期组织高校毕业生校招，需求覆盖化学工程、机械、材料、安全工程等专业，与弹药工程与爆炸技术专业高度相关。招聘主要通过中国航天科工集团招聘平台及高校就业网进行，学历要求多为硕士，工作地点固定在呼和浩特。存在风险如岗位偏现场、可能涉密或倒班，具体待遇和作息待补充。总体可信度高，适合对军工含能材料感兴趣的学生参考。","工作地点可能要求长期在生产厂区，偏现场岗位;国企军工企业岗位可能存在涉密要求;部分招聘公告为历史或过期信息;薪资和工作作息具体细节待核实;不排除岗位签约单位与总部有差异","待核对"
"北京中大爆破工程有限公司","待核对","昌平区北京","未知","待核对","本科及以上","爆破工程,控制拆除爆破,矿山爆破","兵器类,弹药工程,安全工程,特种能源","北京中大爆破工程有限公司成立于1993年，拥有国家爆破作业壹级资质，核心业务涵盖各类复杂环境下的爆破工程及爆炸高新技术应用。其主营业务与弹药工程、特种能源及爆炸力学等专业知识体系高度契合，且多次赴中北大学等对口高校开展校园招聘，是相关专业毕业生在民爆与爆破工程领域中极具专业对口性与发展潜力的优质就业平台。","暂未发现明显公开风险;部分福利及作息细则需入职前核实","http://www.bjzdbp.com.cn"
"北京中科力爆炸技术工程有限公司","待核对","北京市北京市","未知","待核对","待核对","华北入口,专业爆破,技术服务,工程应用","关注爆破工程技术服务的学生。,关注北京或华北就业入口的学生。,愿意后续核对项目地点和资质要求的学生。","北京中科力爆炸技术工程有限公司可作为华北地区爆破技术和工程服务入口。现有资料更适合用于查主体、集团关联和技术服务方向，不能判断稳定招聘；岗位、资质、薪资、作息和项目地点需后续按公告复查。","未找到稳定独立官网和最新校招公告。;公开入口不能直接支撑薪资和作息。;项目制岗位可能涉及外派和现场工作。;资质、股权和签约主体需按最新资料复查。","https://www.gdhdkg.com/show.php?id=844"
"北京理工北阳爆破工程技术有限责任公司","待核对","北京市北京市","未知","待核对","待核对","华北入口,专业爆破,工程施工,招聘入口线索","关注北京或华北爆破工程入口的学生。,关注现场爆破、安全技术和工程管理的学生。,能接受项目制和外派可能性的学生。","北京理工北阳爆破工程技术有限责任公司可作为华北专业爆破工程入口。现有资料来自协会页面、政府公示、历史工程案例和招聘平台，能说明业务方向；最新岗位、资质、薪资、作息和项目地点仍需复查。","未找到稳定企业官网。;招聘平台不能代表当前校招开放。;项目地点可能不同于北京注册地。;薪资、作息和证书要求没有稳定公开口径。","https://www.zhaopin.com/companydetail/CZ135125240.htm"
"北京百战奇靶场装备技术有限公司","民企","北京北京","未知","待核对","本科及以上","核心配套,靶场建设,军工采购","兵器类,探测制导,安全工程,机械自动化","北京百战奇靶场装备技术有限公司是中国全军武器装备采购合作企业，主要从事靶场建设并研发起倒靶、移动靶及智能射击方舱等设备。该公司业务高度对口兵器科学、探测制导及自动化等专业，是相关毕业生在靶场装备与测试领域的优质就业目标。","暂未发现明显公开风险;部分福利及作息细则需入职前核实","http://www.baizhanqi.com/"
"北京矿冶科技集团有限公司","国企","北京北京","未知","待核对","硕士及以上","矿产资源开发利用技术,国家级重点实验室,工业炸药与爆破技术","从事采矿选矿、材料与冶金技术的研究生,关注安全技术与工程爆破方向的学生,偏好中央国企稳定发展的本科生,需要技术研发或试验验证岗位的毕业生","北京矿冶科技集团有限公司隶属于国务院国资委管理的中央企业，以矿产资源开发利用为核心主业，在采矿、选矿、安全、工业炸药及相关技术领域具备国家级平台支撑。企业官网为主要信息入口，存在2024年及后续校招公告，涉及硕士及以上毕业生招收。适合从事矿冶工程、材料与安全技术相关专业的研究生或本科生作为潜在就业选项，但招聘信号仅限部分历史公告，2026届最新岗位详情需进一步确认。企业为典型中央国企，工作地点主要在北京及相关基地，具备一定政策支持。","校招信号较旧（主要2024年及之前），2026届具体岗位需官网确认;工作地点主要为北京及下属基地，签约单位可能为集团下属公司或研究所;部分岗位涉及技术秘密或涉密领域，需注意保密要求;无公开薪资范围及作息安排;公告内容可能随时间更新，建议以官网最新为准","https://www.bgrimm.com/"
"北京航天星汉科技有限公司","民企","大兴区北京","未知","待核对","本科及以上","航空航天发动机试车台,液路/气路试验系统,高速旋转试验台,专精特新中小企业","兵器类,探测制导,安全工程,机械自动化","北京航天星汉科技有限公司是一家专注于航天军工领域非标试验系统设计与研发的专精特新民营企业。核心产品包括发动机热试车台、高速旋转试验台等，具备军工相关质量体系认证。对于兵器类、探测制导及机械类毕业生而言，公司深耕大型军工测试设备，能够提供专业对口的工程实践平台，是进入军工科研配套领域发展的优质选择。","暂未发现明显公开风险;部分福利及作息细则需入职前核实","http://www.startechcorp.com/"
"北方华安工业集团有限公司","国企","黑龙江齐齐哈尔","未知","待核对","待核对","中国兵器工业集团下属大型军工骨干企业,国家高新技术企业,特种产品科研生产中心,军民融合型","对军工企业及武器装备研发感兴趣的学生,关注弹药工程、机械制造或相关专业背景的学生,愿意从事国企科研或技术岗位者,可接受保密要求与现场工作的学生","北方华安工业集团有限公司是中国兵器工业集团下属大型军工骨干企业，由原黑龙江华安机械有限责任公司与齐齐哈尔建华机械有限公司重组而成，总部位于齐齐哈尔市，核心业务聚焦特种装备研发、性能测试及武器产品领域。该企业与弹药工程与爆炸技术专业存在一定关联性，因其属于军工体系，部分研究、生产及试验涉及弹药相关内容，但未在公开资料中明确列出民爆、含能材料、火工品或爆破工程为主营业务，更多为武器产品制造与科研。该企业招聘信号显示存在研发技术员、科研人员、技工等岗位，主要工作地点集中在齐齐哈尔，部分岗位分布于西安科技研发中心；作为国企，岗位可能涉及保密要求或现场操作。公开信息显示企业规模较大，员工3000余人，但薪资范围、作息安排及完整招聘公告未直接获取可靠数据来源。总体而言，适合对军工企业、武器装备制造或相关科研感兴趣的学生参考，但需关注保密政策与具体岗位性质。","部分岗位工作地点可能为外地或保密区域;作为军工企业，部分信息可能受保密限制;招聘公告可能随时间变化或仅针对特定批次;薪资与作息安排缺乏公开可靠数据;签约单位可能非总部，岗位偏现场或研发中心","待核对"
"北方爆破科技有限公司","国企","北京市北京市","未知","待核对","硕士岗位样本较多，待核对","兵器集团线索,工程爆破,现场混装炸药,校招样本","关注工程爆破和采矿方向的学生,关注兵器集团相关民爆业务的学生,能接受项目地或现场技术工作的学生","北方爆破科技有限公司在国家大学生就业服务平台和学校就业网出现工程爆破、采矿和安全方向岗位样本，业务与现场混装炸药、爆破工程相关。该条目适合补充北京工程爆破入口，但官网、签约主体、项目地点、薪资和作息仍需复查。","缺少企业官网，主体信息需继续核对。;招聘公告有时效性，岗位是否仍开放需复查。;项目地可能不等于北京总部。;薪资和作息不能直接写成稳定事实。","https://www.ncss.cn/student/jobs/21dPqgiEjj9ajmSqcA8yzz/detail.html"
"华荣科技股份有限公司","民企","上海市上海市","未知","待核对","本科及以上","防爆电气,防爆灯具,防爆机器人","关注防爆电器、工业爆炸防护装备及配套的学生。,希望寻找长三角或华东区域防爆制造板块的学生。","华荣科技股份有限公司是国内专业的防爆电气 / 危险场景安全领域主体，产品包括防爆电气、防爆灯具、防爆机器人等。其产品及方向适用于弹药与爆炸技术防爆管理及配套，但具体岗位及作息待遇数据尚未被官方招聘直接佐证，需以当年最新材料核实。","当前无公开可考证的薪资与作息数据。;具体生产及研发岗位的学历门槛可能发生变化。;独立校招公告需按学校就业网最新批次更新。","https://ex.warom.com/"
"合肥中科君达视界技术股份有限公司","民企","安徽省合肥市","未知","待核对","本科及以上","高速视觉感知与测量技术,千眼狼高速摄像机,流体力学与爆炸研究测试","兵器类,探测制导,安全工程,机械自动化,材料类","合肥中科君达视界（千眼狼）源自中科大，专注高速视觉感知技术。其高速摄像机及DIC/PIV系统广泛用于流场测量、爆炸测试与瞬态过程分析，为军工科研单位常用设备。公司研发实力强，与兵器类、探测制导及安全工程高度契合，极具就业推荐价值。","","https://www.agiledevice.com/"
"吉林江机特种工业有限公司","国企","吉林省吉林市","博士28-32万元/年、硕士13-18万元/年、本科10-12万元/年（总部数据）","待核对","博士、硕士、本科（原则上211及以上）","始建于1949年军工企业,隶属于中兵红箭,制导弹药与引信科研生产基地,拥有1800余人专业技术人员","弹药工程与爆炸技术专业本科生,含能材料、火工品相关专业毕业生,对军工科研生产感兴趣的学生,具备相关学科基础的本科/硕士生","吉林江机特种工业有限公司隶属于中国兵器工业集团，位于吉林市，是我国最早的军工企业之一，专注于轻型导弹、巡飞弹、引信及航空弹药的科研与生产。业务方向与弹药工程与爆炸技术专业高度相关，可为该专业学生提供军工企业就业机会。校招通过中国兵器人才招聘平台及高校宣讲会进行，岗位主要为研发技术岗，学历要求博士硕士本科均可。薪酬水平较高（总部博士年收入28-32万元以上），但数据来自学校就业网，需注意岗位分布在总部及西安、南京分公司，工作地点存在不确定性；部分岗位可能涉及涉密或现场条件。建议关注高校就业网及招聘平台最新公告。","工作地点可能在吉林总部或其他分公司（西安、南京）;部分岗位存在涉密要求或现场作业;校招宣讲会/公告存在时间限定，需及时关注;薪酬数据为历史参考，实际需以最新公告为准;国有军工企业工作环境可能偏现场",""
"四川六九一二通信技术股份有限公司","民企","四川省成都市","未知","待核对","本科及以上","特种模拟设备,高功率微波模拟设备,军事通信与指挥模拟训练装备","兵器类,探测制导,安全工程,机械自动化","该公司是一家在创业板上市的民营高新技术军工企业，核心业务聚焦于军事训练装备与特种装备的研发与生产。其业务涉及特种通信、高功率微波模拟设备及电子蓝军等领域，与兵器类、探测制导及安全工程等专业高度契合，为毕业生提供广阔空间，适合相关专业应届生重点关注。","暂未发现明显公开风险;部分福利及作息细则需入职前核实","http://www.sc6912.cn/"
"四川省南部永生化工有限责任公司","待核对","四川南充","未知","待核对","专科及以上历史线索，具体以最新公告为准","民爆器材,乳化炸药,爆破服务,南充","关注民爆器材、乳化炸药和爆破服务方向的学生。,能接受县域生产基地或现场类岗位的学生。,愿意核对最新股权和招聘公告的求职学生。","公开政府资料和就业网线索显示，四川省南部永生化工有限责任公司与民爆器材、乳化炸药和爆破服务有关，和弹药工程、爆炸技术方向关联较强。但官网、最新股权结构和当前招聘信息仍需补证，薪资作息不能确定。","当前官网或官方招聘入口不足。;股权结构和签约主体可能已经变化。;历史招聘岗位不能代表当前校招安排。;薪资、作息和工作地点没有可靠公开口径。","https://www.nanchong.gov.cn/jxj/ztzl/qyml/202110/t20211013_1656189.html"
"四川省宜宾威力化工有限责任公司","国有控股","四川省宜宾","未知","待核对","待核对","民用爆炸物品生产企业,国有控股企业,隶属云天化集团,含能材料生产","对民爆、含能材料感兴趣的学生,化工相关专业毕业生,希望在国企稳定平台工作的学生,关注宜宾本地就业的学生","四川省宜宾威力化工有限责任公司为国有控股企业，隶属云天化集团，主要从事民用爆炸物品生产与销售，属于民爆行业。企业属于弹药工程与爆炸技术专业的相关领域，因其业务涉及含能材料、火工品等领域。公开资料显示存在设备维修员、行政科员等岗位，但2026年无新校招公告。工作地点位于宜宾，规模为中型化工企业。总体而言，适合对民爆领域感兴趣的学生，但需注意岗位偏技术/管理，工作地点相对稳定，无明显涉密信号。","无2026年校招公告，信息可能过时;薪资范围未知;作息安排待核对;部分岗位可能偏现场操作;招聘信息主要为设备维修员、行政科员等非核心技术岗","http://www.yibinweili.com"
"四川省绵竹兴远特种化工有限公司","民企","四川省绵竹市","未知","待核对","待核对","民爆炸药生产,乳化炸药工艺,爆破作业服务,军民融合产业","关注民爆行业技术与安全方向的学生,有兴趣从事含能材料生产技术的同学,了解军工相关背景的学生","四川省绵竹兴远特种化工有限公司是一家民爆炸药生产企业，隶属安徽江南化工股份有限公司控股。业务集中在民爆、含能材料、火工品及爆破作业领域，与弹药工程与爆炸技术专业存在一定相关度，但企业未公开任何校招、社招或就业信息。公开资料主要来自政府部门、军民融合办调研报道及企业历史记录，无招聘入口或岗位列表。学生应通过学校就业指导或行业协会进一步核实具体机会。","无招聘信号或公告;工作地点可能涉及生产车间或现场;部分业务涉及民爆许可与安全限制;公开资料有限，建议到学校就业网或行业平台核实最新动态","https://ahjnhg.com/html/2023-09-06/137_709.html"
"四川航天川南火工技术有限公司","国企","江阳区泸州","样本值（待核对）","双休","本科及以上","航天七院,航天火工品,固体火箭发动机点火器,航天器分离解锁装置","兵器类,探测制导,安全工程,机械自动化","川南火工隶属中国航天科技集团第七研究院，是我国航天航空领域唯一集火工品研发、制造、试验为一体的综合型核心骨干国企。企业技术底蕴极其深厚，能为理工科硕博人才提供极具行业竞争力的薪酬与安家落户补贴，福利保障十分完善。该单位核心业务与兵器类、探测制导、安全工程及材料化工类专业高度契合，是非常优质的对口就业选择。","暂未发现明显公开风险;部分福利及作息细则需入职前核实","https://schtcnhg.zhiye.com/"
"四川通达化工有限责任公司","待核对","四川达州","未知","待核对","待核对，具体以最新公告为准","民爆器材,雅化集团线索,四川区域,安全检查线索","关注四川区域民爆生产的学生。,对化工安全和民爆制造有兴趣的学生。,愿意后续核对生产基地和岗位公告的求职学生。","公开公告和政府公示显示，四川通达化工与民爆器材生产、项目建设和雅化集团股权整合存在关联，和弹药工程、民爆安全方向有一定相关度。但缺少目标企业官网和可靠招聘公告，岗位、薪资、作息、生产基地和签约主体均需复核。","缺少目标企业官网和官方招聘入口。;历史公告不能代表当前招聘状态。;工作地点可能涉及分公司或生产基地。;薪资和作息没有可靠公开口径。","http://vip.stock.finance.sina.com.cn/corp/view/vCB_AllBulletinDetail.php?stockid=002497&id=9326933"
"四川雅化实业集团股份有限公司","民企","四川雅安","未知","待核对","本科及以上（历史样本，待核对）","民爆业务,锂业务,危化运输,多地布局","关注民爆产品、爆破矿服和化工安全的学生。,能接受多省工作地点和生产现场差异的学生。,希望同时了解民爆和新能源材料业务的学生。","公开资料显示，雅化集团有民爆和锂业务双主业，民爆板块涉及产品、爆破及矿服。历史校招曾列出弹药工程与爆炸技术、化工安全等专业，但岗位、地点和薪资应以最新公告为准，不能沿用旧口径。","历史校招不能代表当前招聘计划。;工作地点可能分布在四川及外省子公司。;薪资、作息、福利未找到可靠当前口径。;危化运输和生产岗位可能有安全培训要求。","https://www.scyahua.com/"
"夏芮智能科技有限公司","民企","闽侯县福州","未知","双休","本科及以上","毒品爆炸物检测,智慧公安,物证检验鉴定设备,双百计划领军人才创业","兵器类,探测制导,安全工程,机械自动化","夏芮智能科技有限公司由厦门大学拉曼光谱研究团队领军人才联合创办，核心业务深耕公共安全领域，主攻毒品及爆炸物生化检测、智慧公安及安防装备研发。其业务方向与弹药工程、爆炸技术及探测制导专业高度契合。公司实行周末双休制度，对于相关专业毕业生而言，是具有较高成长潜力和良好工作平衡的理想对口民企去向。","暂未发现明显公开风险;部分福利及作息细则需入职前核实","https://www.xiarui-tech.com/"
"大连度达理工安全系统有限公司","民企","辽宁省大连市","未知","待核对","本科及以上","爆破片,阻火器,无焰泄放,爆炸抑制","关注防爆电器、工业爆炸防护装备及配套的学生。,希望寻找长三角或华东区域防爆制造板块的学生。","大连度达理工安全系统有限公司是国内专业的爆炸安全防护 / 压力泄压领域主体，产品包括爆破片、阻火器、无焰泄放、爆炸抑制等。其产品及方向适用于弹药与爆炸技术防爆管理及配套，但具体岗位及作息待遇数据尚未被官方招聘直接佐证，需以当年最新材料核实。","当前无公开可考证的薪资与作息数据。;具体生产及研发岗位的学历门槛可能发生变化。;独立校招公告需按学校就业网最新批次更新。","https://www.duta.com.cn/about"
"天津泰克顿民用爆破器材有限公司","民营企业","待核对天津市蓟县","未知","待核对","待核对","民用爆破器材进出口贸易,依托母公司生产单位,安全规范合规经营","关注民爆行业贸易业务的观察者,了解爆炸技术应用但不追求生产/试验岗位的学生,感兴趣于危化品管理或进出口的实习生","天津泰克顿民用爆破器材有限公司为2010年成立的民用爆破器材综合性贸易公司，主要从事民爆器材（硝酸铵、雷管、炸药等）国内贸易及进出口。依托母公司生产单位支持，客户覆盖国内多省市及海外。官网可信，无招聘公告或校招信息公开可见，属于生产贸易型企业，非纯科研或试验机构。学生调研时需注意其贸易性质的低研究相关度及任何涉密或现场风险。未发现当前校招或薪资公开数据。","无公开招聘公告或校招信息;工作地点可能在生产基地（需确认是否涉现场或倒班）;控股关系部分公开报道但未全部官方核实;民爆行业可能涉及资质审批、运输等合规要求;未发现薪资或作息可靠来源","https://www.taikedun.com/"
"天津爱思达航天科技股份有限公司","民企","东丽区天津","未知","待核对","硕士及以上/本科","专精特新小巨人,碳纤维复合材料,轻量化结构,商业航天","材料类,机械工程,兵器类,力学","爱思达航天是专注于航空航天碳纤维复合材料轻量化结构的民营高新企业，深耕商业航天与防务装备领域。对于兵器类、材料类、机械等相关专业毕业生具有较高的专业契合度和良好的职业发展潜力。","暂未发现明显公开风险;部分福利及作息细则需入职前核实","https://job.hebut.edu.cn/"
"宁夏天长民爆器材有限责任公司","待核对","宁夏回族自治区石嘴山市","未知","待核对","待核对","宁夏区域,民爆生产,电子雷管,政府许可资料","关注宁夏区域民爆企业的学生,关注电子雷管和炸药生产线索的学生,需要查找地方民爆企业入口的学生","宁夏天长民爆器材有限责任公司在宁夏工信厅许可资料和地方政府信息中可追踪，方向涉及民用爆炸物品生产、电子雷管和炸药产能调整。该条目适合补充宁夏区域民爆入口，但未见官网和公开校招，岗位、薪资、作息和股权口径需要后续复查。","未找到企业官网和公开校招入口。;工作地点可能较固定，岗位开放度需确认。;股权和签约主体需按最新资料复查。;薪资、作息和学历要求没有公开稳定来源。","https://gxt.nx.gov.cn/zwgk/fdzdgknr/glfw/xzxk/202110/t20211019_3617843.html"
"安徽北方华鑫智控科技有限公司","国企","安徽省蚌埠市","未知","待核对","本科/硕士","兵器工业参股,江南化工参股,微电子核心企业","弹药工程、微电子技术方向的研究生,倾向长三角/安徽地区兵工国企的学生","兵器工业内稀缺的专注电子雷管底层核心器件（芯片与模组）的专业公司，高度契合电子雷管智能化的发展大势。承担了特种能源集团在电子雷管起爆控制模块领域的核心技术攻关任务。","确切全称和内部组织架构较复杂;招聘平台信息分散且不明显;暂时无法直接获取应届生薪资标准","https://www.cumtb.edu.cn/test1"
"安徽向科化工有限公司","待核对","安徽省；待核对安庆市怀宁县茶岭镇；待核对","未知","待核对","本科及以上；待核对","民爆产品生产,爆破一体化服务,江南化工全资子公司,安徽省高新技术企业","对民爆工程、爆破技术、含能材料工艺感兴趣的学生,熟悉化工安全、爆炸物处理或试验验证专业方向,希望进入含能材料生产或爆破一体化服务行业的应届毕业生,关注安徽化工企业就业的学生","安徽向科化工有限公司是安徽江南化工股份有限公司的全资子公司，位于安徽省安庆市怀宁县茶岭镇，主要从事民用爆炸物品生产和工程爆破一体化服务，属于民爆及含能材料行业，与弹药工程与爆炸技术专业有直接相关度（涉及爆破工程、含能材料生产、试验验证等环节）。公司规模中型，员工约100-499人，曾被评为安徽省高新技术企业、先进安全文化建设示范企业。公开资料显示其有参与江南化工校园招聘的记录，工作地点在安徽，业务与民爆产品研发、生产及爆破服务直接相关。适合对民爆工程、含能材料工艺制造、安全技术有兴趣的学生参考，但目前无独立官网、无近期校招公告、无薪资或作息公开信息，信息时效性有限。","工作地点为安徽分公司，非总部；招聘信息为历史数据;行业属性可能涉及安全管理、现场作业，存在潜在涉密或许可相关要求;无最新校招公告，信息可能已过期或岗位调整;薪资、作息安排无公开来源，需通过母公司或实地咨询确认;信息来源主要为母公司公告和平台记录，未见企业独立招聘页面","待核对"
"安徽江南化工股份有限公司","国企","安徽合肥","未知","待核对","待核对","兵器工业体系,民爆主业,智能爆破,新能源业务","关注兵工体系民爆企业的学生。,关注工业炸药、雷管和爆破服务的学生。,希望了解民爆智能制造方向的学生。","公开资料显示，江南化工由北方特种能源集团控股，以民爆为主，同时布局新能源业务。其民爆产品、爆破服务和智能制造线索与弹药工程、爆破工程、安全技术相关；招聘页只作线索，待遇和岗位需复核。","招聘聚合页不能支撑薪资和作息。;不同子公司和项目地点差异可能较大。;新能源业务与本专业相关性弱于民爆主业。;具体岗位需核对当年官方校招公告。","https://www.ahjnhg.com/"
"安徽盾安民爆器材有限公司","待核对","安徽待核对","未知","待核对","待核对","民爆器材生产,粉状乳化炸药,所属江南化工,安徽安庆","对民爆材料生产感兴趣的学生,了解含能材料与火工品技术的专业背景,关注安徽军工与化工企业发展的学生,需要了解爆破一体化服务的学生","安徽盾安民爆器材有限公司存在于历史公开记录中，主要从事粉状乳化炸药生产、销售与研制，属于江南化工股份有限公司旗下关联企业。业务方向与弹药工程、含能材料、爆破工程及安全技术高度相关，可为学生提供了解民爆领域背景的参考，但未在企业官网或近期招聘平台看到独立校招公告或具体岗位信息，无法确认2026年是否有毕业生招聘。企业性质为有限责任公司，具体隶属关系待核对。工作地点多在安徽安庆及周边，无薪资或作息公开数据。","工作地点为安徽安庆及子公司地区，不确定是否总部;隶属关系与当前子公司状态待核对;无2026年校招公告，岗位及学历要求未知;无薪资、作息或独立招聘入口公开信息;公告或子公司信息可能随时间更新需复查","https://big5.mee.gov.cn/gate/big5/www.mee.gov.cn/gkml/hbb/bh/201105/t20110504_210190.htm"
"安徽金元素复合材料有限公司","国企","安徽省滁州市","未知","待核对","本科及以上","爆炸焊接,金属复合材料,压力容器装备材料,高新技术企业","兵器类,探测制导,安全工程,机械自动化","安徽金元素复合材料有限公司是南钢股份控股的国家级专精特新企业，主营金属复合材料研发与生产。其掌握热轧与爆炸复合双重工艺，与弹药工程及爆炸技术专业对口。公司发展稳健，技术实力强，拥有多项专利，十分适合兵器类、材料类及探测制导等专业的应届毕业生加入，从事研发或工艺类岗位。","暂未发现明显公开风险;部分福利及作息细则需入职前核实","http://www.jysah.com"
"安徽雷鸣科化有限责任公司","国企","安徽淮北","未知","待核对","本科及以上线索，具体以最新公告为准","民爆器材,爆破工程,安全评价,集团校招","关注民爆器材、爆破工程和安全评价方向的学生。,能接受集团统一招聘和子公司分配差异的学生。,愿意核对最新招聘公告、工作地点和安全要求的学生。","安徽雷鸣科化的公开资料显示其与民爆器材、爆破工程和安全评价相关，专业关联度较高。现有招聘多来自淮北矿业集团层面，不能直接等同子公司岗位，正式导入前仍需核对岗位、薪资、作息和签约主体。","集团招聘不等于安徽雷鸣科化单独招聘。;爆破工程和生产岗位可能涉及现场作业或安全管控。;薪资、作息、福利和具体岗位未形成可靠公开口径。;企业入口、子公司关系和岗位分配仍需人工复查。","http://ahlmkhap.com/"
"山东圣世达化工有限责任公司","待核对","山东淄博","未知","待核对","待核对，具体以最新公告为准","民爆器材,金奥博线索,淄博区域,招聘入口","关注民爆器材和工艺制造的学生。,愿意到山东淄博区域就业的求职学生。,需要核对集团与子公司签约主体的学生。","公开资料显示，山东圣世达化工与民爆器材生产、金奥博集团产业链和淄博区域项目备案有关，和民爆制造、工艺安全方向有一定相关度。但当前招聘信号偏平台入口，最新校招、岗位、薪资、作息和签约主体需以官方公告复核。","招聘平台信息不能代表当前仍在招聘。;官网内容和最新岗位需人工复查。;集团、子公司和签约单位可能不同。;薪资和作息没有可靠公开口径。","http://www.sdssd.cn"
"山东天宝化工股份有限公司","国企","山东临沂","未知","待核对","本科及以上","凯龙股份控股,民爆器材研发生产,工业炸药,爆破服务","兵器类,探测制导,安全工程,机械自动化","山东天宝化工股份有限公司是深交所上市公司凯龙股份控股的子公司，具有地方国资背景。公司主要业务涵盖工业炸药等民爆器材的研发、生产、销售及工程爆破服务。其核心业务领域与兵器、安全、化工等对口专业高度契合，适合相关专业的毕业生在民爆及爆破工程领域长期稳定发展。","暂未发现明显公开风险;部分福利及作息细则需入职前核实","http://www.tbhg.net/"
"山东特种工业集团有限公司","国企","山东淄博","未知","待核对","本科及以上线索，具体以最新公告为准","军工制造,弹药方向,民爆器材线索,校招线索","关注军工弹药制造方向的学生。,愿意到山东淄博及相关厂区工作的学生。,能接受涉密和生产安全要求复核的求职学生。","学校就业网、国聘和政府资料显示，山东特种工业集团与弹药、民爆器材、军工制造等方向有关，专业相关度较高。但缺少独立官网和最新校招细则，岗位、薪资、作息、厂区分配及涉密要求需以最新官方公告核对。","当前缺少目标企业独立官网入口。;历史招聘信息不能代表当前仍在招聘。;岗位可能分布在不同生产厂区。;薪资、作息和涉密要求没有可靠公开口径。","https://www.iguopin.com/company?id=10685311443832344"
"山西北方兴安化学工业有限公司","国企","山西省太原市","未知","待核对","硕士及以上为主","推进剂药柱生产,火工品研发,国防装备配套","对军工含能材料感兴趣的学生,化学工程、材料科学等专业本科生,有志从事国防装备配套的毕业生,了解兵器工业产业链的企业参考","该企业隶属中国兵器工业集团，为军工企业，业务方向与含能材料、火工品密切相关，适合弹药工程与爆炸技术专业学生参与生产研发岗位。招聘以硕士为主，工作地点固定在太原市尖草坪区。来源包括中国兵器集团招聘网、学校就业网及公开资料，信息客观但未独立确认官网，属于典型央企军工企业，可作为专业学生参考资料。","招聘公告可能随时变更;部分岗位偏向现场生产运维;央企国企属性可能涉及保密要求;无独立官网，信息依赖集团平台;薪资与作息未公开来源",""
"山西同德化工股份有限公司","民企","山西忻州","未知","待核对","待核对","民用炸药,爆破工程,销售流通,经营风险","需要了解山西民爆企业样本的学生。,关注民用炸药、爆破工程和安全管理岗位的学生。,能主动核对企业经营风险的学生。","公开资料显示，同德化工主营民用炸药研发、生产、销售，并提供爆破工程相关服务，专业相关性存在。但其2025年报和市场报道显示经营压力较大，就业端应重点核对招聘真实性、岗位稳定性、薪资和作息。","公开资料显示经营压力较大，不宜作为稳岗结论。;未找到可靠最新校招公告。;薪资、作息、福利均无可靠公开口径。;投递前应核对重整进展、签约主体和劳动合同主体。","http://www.tondchem.com/"
"山西壶化集团股份有限公司","民企","山西长治","未知","待核对","待核对","工业炸药,工业雷管,爆破服务,进出口","关注山西及周边民爆企业的学生。,关注工业雷管、炸药和起爆器材的学生。,愿意核对生产现场和爆破服务岗位的学生。","公开资料显示，壶化股份业务围绕民爆、出口、爆破、军工等板块，产品涉及工业炸药、工业雷管、导爆索和起爆具。它与弹药工程、爆破工程相关，但招聘信息不足，不能判断薪资和作息。","官网入口稳定性需后续复查。;招聘公告不足，薪资和作息保持未知。;爆破服务岗位可能涉及现场和出差。;民爆产品进出口业务与本专业相关度需按岗位判断。","http://www.shanxihuhua.com/"
"山西江阳化工有限公司","国有","山西省太原市","未知","待核对","待核对","军用弹药研发生产,特种炸药制品,民用爆破器材,军民融合企业","弹药工程与爆炸技术专业学生,对军工含能材料感兴趣的理工科学生,希望从事爆炸技术相关研发或生产的毕业生","山西江阳化工有限公司隶属于晋西工业集团（中国兵器工业集团下属），是国家重点保军企业，核心业务为军用弹药及特种炸药制品研发生产，兼营民用爆破器材和化工机械。专业匹配弹药工程与爆炸技术相关领域，适合该专业学生关注其校园招聘信息。资料可信度较高，主要来自公开招聘简章和百科，未发现企业独立官网。相关度高，但工作地点主要为太原尖草坪区，涉军工属性需注意保密要求。","工作地点主要为太原尖草坪区，需确认岗位具体分配;涉军工性质，可能涉及保密或特殊要求;无独立官网，招聘信息通过晋西集团渠道发布;招聘公告存在更新与有效期风险","https://jobcareer.sdu.edu.cn/eweb/jygl/index.so?modcode=jygl_zpxxck&subsyscode=zpfw&type=ssoViewZpxx&id=UD2wvmPrKiURfvjv671ATy"
"广东中人爆破工程有限公司","民企","广东省广州市","未知","待核对","大专/本科","资质齐全,大型爆破施工,人才考证报销","立志于在珠三角深耕工程爆破与安全监理的学生,希望通过单位通道稳定考取爆破作业三大员资格证的人才","华南地区资质齐全、业务深厚的独立爆破工程公司。公司不仅承接大型施工，还在招聘中明确表态愿意培养应届生考取公安部初级爆破证，适合意向去广东发展的基层工程技术人员。","官网维护更新较慢，获取最新项目状态略有难度;部分项目属于常规土石方爆破，技术天花板可能受限;项目驻场期间的作息规律性无法保证","http://www.gdzrbp.com"
"广东华威化工股份有限公司","待核对","广东省梅州市兴宁市","未知","待核对","待核对","华南入口,民爆产品,广东区域,集团子公司线索","关注华南民爆生产企业的学生。,关注生产技术、工艺质量和安全管理的学生。,广东或梅州就业意向较强的学生。","广东华威化工股份有限公司可作为广东梅州区域民爆产品生产入口。现有证据包括政府资料、上级集团入口、上市公司公告入口和招聘平台线索，可支撑行业相关性；独立官网、最新招聘、薪资和作息仍需复查。","未找到稳定独立官网。;招聘平台不能代表当前校招开放。;薪资、作息和学历要求没有可靠公开口径。;与上级集团岗位不能混写，需要核对签约主体。","https://guangdong.chinatax.gov.cn/gdsw/mzsw_jcdt/2026-01/12/content_f8517b56d864402ab4690d8135aea8d5.shtml"
"广东宏大控股集团股份有限公司","国企","广东广州","未知","待核对","本科及以上岗位线索，具体待核对","国资控股,民爆一体化,防务板块,矿山服务","关注爆破工程、民爆服务或防务装备方向的学生。,能接受项目现场、分子公司岗位差异的学生。,希望了解国资控股民爆上市公司的学生。","公开资料显示，广东宏大为国资控股上市公司，业务覆盖防务、民爆、矿服等板块，与爆破工程、民爆服务和装备研发方向关联较强。招聘多可能落在子公司或项目现场，薪资、作息和常驻地点需按最新公告核对。","招聘主体可能是子公司，不一定是集团总部。;矿山、爆破和工程服务岗位可能涉及现场作业。;薪资、作息、福利未形成可靠公开口径。;防务岗位可能有保密和背景审查要求。","https://www.gdhdkg.com/"
"广东锡源爆破科技股份有限公司","民企","广东省惠州市","未知","待核对","大专/本科","矿山爆破一体化,隧道与水下炸礁,省级工程技术中心","期望在广东及周边地区从事工程爆破的技术人员,弹药工程、采矿工程去向偏现场施工的学生","华南地区老牌且业务覆盖广泛的独立爆破工程服务商，为采矿工程和弹药工程（工程爆破方向）毕业生在华南就业提供稳定底座。它同时被认定为广东省爆破工程技术研究中心，有一定科技含量。","爆破施工企业多在野外作业，作息相对艰苦;民企的福利政策透明度有待考证;主要依赖社会招聘，校招渠道不明显","http://www.xiyuanbaopo.com"
"葛洲坝易普力广西威奇化工有限责任公司","国企/民企/外企/创业公司/待核对","广西壮族自治区柳州","未知","待核对","待核对","民爆物品生产,含能材料研发,爆破一体化服务,矿山工程施工","关注民爆安全工程的本科生,化学工程与工艺专业学生,有安全技术兴趣的毕业生,广西本地或柳州就业意向者","广西威奇化工有限责任公司（现名葛洲坝易普力广西威奇化工有限责任公司）为柳州本土民爆企业，隶属于易普力集团（中国能建旗下），从事乳化炸药等含能材料生产与爆破服务。弹药工程与爆炸技术专业学生可关注其工艺制造与安全技术岗位，但目前无公开校招公告或具体薪资/作息信息，招聘信号处于待核对状态。核心风险包括企业性质为国企子公司（非直接军工）、工作地点可能为生产基地（柳州/兴安/金秀），且安全相关岗位或涉密，需优先通过学校就业网或集团渠道获取最新动态。","无最新校招公告;工作地点为生产基地而非总部;国企子公司性质可能需行政审批;安全岗位可能倒班或涉密;招聘信息来源有限","www.cggc.cn"
"广西金建华民用爆破器材有限公司","待核对","广西壮族自治区百色市","未知","待核对","待核对","民爆器材生产,军民融合单位,百色建华机械厂内","关注民爆行业生产、含能材料技术及爆炸工程的本科或研究生,对军民融合军工背景感兴趣的学生,愿意从事化工生产、设备制造或技术服务的专业人才","广西金建华民用爆破器材有限公司是广西建华机械有限公司控股的民用爆破器材生产企业，隶属军民融合单位，位于百色市建华机械厂内。业务方向包括乳化炸药、电雷管、导爆管等民爆器材生产、设备制造及销售，符合弹药工程与爆炸技术专业培养方向。无公开2025-2026年校招公告，薪资及作息待核对。适合从事民爆生产、含能材料或安全技术相关专业的学生，但需关注涉密管理及现场工作环境。","无最新官方招聘公告，可能岗位不对外公开;工作地点可能涉及厂区现场，岗位偏生产一线;部分信息来源为招聘平台，需核实股权归属;涉及民爆许可项目，可能有安全及保密要求;总部与分公司地址可能不一致","空字符串"
"张家港富瑞特种装备股份有限公司","民企","张家港市苏州市","未知","双休","本科及以上","LNG防爆特种装备,化工压力容器","兵器类,探测制导,安全工程,机械自动化","张家港富瑞特种装备股份有限公司是深交所创业板上市民企，专注于LNG全产业链、化工压力容器等特种装备制造。其在防爆装备和特种压力容器领域的技术积累，与兵器科学、安全工程和机械类专业有较高契合度。公司提供双休且发展稳定，是相关专业毕业生在特种装备及相关制造方向非常优质的就业选择。","暂未发现明显公开风险;部分福利及作息细则需入职前核实","http://www.furuigroup.com"
"成都雷电微力科技股份有限公司","民企","四川省成都市","未知","双休","本科及以上","核心配套","兵器类,探测制导,安全工程,机械自动化","该企业为深交所上市民营企业，系国内毫米波有源相控阵微系统头部公司，深度涉及军工核心配套。尽管部分岗位存加班情况，但技术壁垒高、福利完善。非常适合探测制导、电子通信、材料与机械等对口专业毕业生作为军工配套方向的优质选项。","暂未发现明显公开风险;部分福利及作息细则需入职前核实","http://www.rml138.com"
"招远民爆器材集团","民企","山东省招远市","未知","待核对","待核对","民营企业,民爆销售,爆破施工,加入我们入口","关注民营民爆企业的学生,关注爆破施工和现场服务的学生,关注山东区域就业入口的学生","招远民爆器材集团官网显示其业务涉及民爆销售、仓储配送、运输和爆破施工，可作为山东区域民营民爆企业入口。该条目适合学生查企业入口和业务方向，具体法律主体、岗位、学历、薪资、作息和工作地点仍需按最新招聘信息复查。","加入我们页面不能代表当前有校招岗位。;具体签约法律主体需复查。;岗位可能涉及仓储、运输或施工现场。;薪资、作息和学历要求没有稳定公开证据。","https://www.zycsbp.com/"
"新疆大明矿业集团股份有限公司","民企","新疆维吾尔自治区哈密市","未知","待核对","大专/本科","大型民营矿企,铁矿采选,安全生产标准化一级","有意向在新疆矿山行业发展的学生,采矿工程、安全工程及具备爆破作业能力的弹药工程毕业生","新疆大明矿业是新疆哈密地区颇具规模的民营铁矿采选企业。该企业在环保治理及安全标准化建设上有一定投入，不仅曾获得非煤矿山安全生产标准化一级资质，还被列为国家级绿色矿山试点单位。对于采矿工程、弹药工程和安全工程想在新疆矿区发展的同学而言，是一个相对成规模的稳定选择。","民企的福利待遇和人员流动情况需进一步核对;当前未公开大规模的高校校招计划","http://www.xjdmky.com"
"新疆雪峰科技（集团）股份有限公司","待核对","新疆维吾尔自治区乌鲁木齐市","未知","待核对","待核对","上市公司,工业炸药,电子雷管,爆破工程","关注新疆区域民爆企业的学生,关注工业炸药和电子雷管方向的学生,关注爆破工程服务岗位的学生","新疆雪峰科技（集团）股份有限公司公开资料显示其业务涉及工业炸药、电子雷管、爆破工程及民爆服务，与弹药工程、爆破工程和安全技术方向相关。当前可作为新疆区域民爆企业入口收录，但招聘岗位、薪资、作息、签约主体和股权口径仍需按最新官网或公告复查。","招聘平台信息不能代表当前校招。;工作地点可能集中在新疆或下属单位。;股权和签约主体需按最新公告复查。;薪资、作息和岗位要求未形成稳定证据。","https://www.xjxfkj.com"
"新黎明科技股份有限公司","民企","江苏省苏州市","未知","待核对","待核对","防爆电器,防爆管件,智能防爆","关注防爆电器、工业爆炸防护装备及配套的学生。,希望寻找长三角或华东区域防爆制造板块的学生。","新黎明科技股份有限公司是国内专业的防爆电器 / 智能防爆设备领域主体，产品包括防爆电器、防爆管件、智能防爆等。其产品及方向适用于弹药与爆炸技术防爆管理及配套，但具体岗位及作息待遇数据尚未被官方招聘直接佐证，需以当年最新材料核实。","当前无公开可考证的薪资与作息数据。;具体生产及研发岗位的学历门槛可能发生变化。;独立校招公告需按学校就业网最新批次更新。","https://www.sunleem.com/"
"昆船智能技术股份有限公司","国企","云南省昆明市","未知","待核对","本科及以上","核心配套","兵器类,探测制导,安全工程,机械自动化","昆船智能隶属于中国船舶集团，是国内领先的自动化物流装备及系统集成商。其核心业务包含为军工领域提供符合严苛防爆要求的智能化仓储系统，广泛应用于火工品、弹药等特种物资的安全存储与配送。对于兵器类、机械类及安全工程等专业毕业生，该企业专业对口度较高，国企平台稳定，是参与国防军工配套建设的优质选择。","暂未发现明显公开风险;部分福利及作息细则需入职前核实","http://www.ksecit.com"
"易普力股份有限公司","国企","湖南长沙","8k-10k/月（历史岗位样本，待核对）","待核对","本科及以上（历史岗位样本，待核对）","央企成员,民爆产品,爆破工程,矿山服务,历史校招样本","关注民爆产品、爆破工程、矿山服务或安全管理方向的学生。,能接受部分岗位可能涉及项目现场、矿山或工程施工环境的学生。,专业背景与弹药工程、爆炸技术、安全工程或化学化工相关的毕业生。","公开资料显示，易普力属于中国能建体系，业务涉及民爆产品、爆破工程和矿山服务，和弹药工程与爆炸技术、安全工程等方向有明确关联。现有招聘线索多为历史公告或平台入口，岗位、薪资、作息和工作地点需以最新官方招聘为准。","最新校招和社招公告未完全核对，历史岗位样本可能已经过期。;薪资样本来自历史招聘信息，实际薪资需按最新岗位和工作地点复核。;作息、集中休假、补贴和福利没有形成可靠公开口径。;签约主体和常驻地点可能因子公司、项目部或工程区域不同而变化。","http://www.expl.ceec.net.cn/"
"星际控股集团有限公司","民企","鹿城区温州","未知","待核对","本科及以上","警用装备,排爆机器人,交警特警装备","兵器类,探测制导,安全工程,机械自动化","星际控股集团有限公司是国内领先的警用装备和公共安全领域民营高新技术企业。其核心业务包括警用装备、排爆机器人、智能终端等，技术需求与兵器科学、探测制导、机械自动化及安全工程等专业高度契合，是应届毕业生在安防和警用装备行业发展的优质选择。","暂未发现明显公开风险;部分福利及作息细则需入职前核实","http://www.senken.com.cn/"
"晋西工业集团有限责任公司","国企","山西省太原市","未知","待核对","硕士及以上为主，本科可考虑; 待核对","兵器工业集团战略性子集团,太原为中心地跨三省,民爆现场混装炸药,铁路车轴全球领先","关注军工相关专业本科及研究生,希望在太原及周边从事试验验证或工艺制造工作,对含能材料或民爆技术感兴趣的同学,接受国企安全背景审查及长期稳定性职业发展","晋西工业集团有限责任公司隶属于中国兵器工业集团，是军民融合企业，总部位于太原市，主营军用设备及民品业务，旗下有民爆、含能材料等领域，适合弹药工程与爆炸技术专业学生。公开资料显示其曾发布相关专业岗位招聘，但无企业官网或最新2026校招公告，无法确认当前招聘信号、薪资及工作地点。来源为高校就业网及公开平台，信息量有限，存在公告截止时间较早及实地岗位不确定风险。","无企业官网无法直接审核入库;招聘公告多为2024或2025年，2026最新信号待核对;部分岗位可能位于生产基地而非总部;军工企业岗位常涉及安全审查及保密要求;薪资及具体工作城市分布未有公开明确来源","待核对"
"江苏八方安全设备有限公司","民企","江苏省徐州市","未知","待核对","待核对","阻火器,呼吸阀,爆破片,安全泄压","关注防爆电器、工业爆炸防护装备及配套的学生。,希望寻找长三角或华东区域防爆制造板块的学生。","江苏八方安全设备有限公司是国内专业的安全泄压设备 / 阻火安全领域主体，产品包括阻火器、呼吸阀、爆破片、安全泄压等。其产品及方向适用于弹药与爆炸技术防爆管理及配套，但具体岗位及作息待遇数据尚未被官方招聘直接佐证，需以当年最新材料核实。","当前无公开可考证的薪资与作息数据。;具体生产及研发岗位的学历门槛可能发生变化。;独立校招公告需按学校就业网最新批次更新。","https://www.basco.cc/"
"江苏科动电子技术有限责任公司","民企","江苏省扬州市","未知","待核对","本科及以上","冲击动力学测试仪器,超动态应变仪,霍普金森杆配套传感器","兵器类,探测制导,安全工程,机械自动化","江苏科动电子（原扬州科动）专业从事振动冲击、爆炸压力及应变传感器与配套仪器的研发生产，常为中物院及兵器类院所提供霍普金森杆动态测试设备。公司核心业务与弹药工程、探测制导及爆炸力学高度契合。对于兵器、探测制导及安全工程等相关专业的毕业生，该企业专业对口度高，非常适合从事研发、测试及技术支持等相关工作。","暂未发现明显公开风险;部分福利及作息细则需入职前核实","http://www.yzkds.com/"
"江苏顺达警用装备制造有限公司","民企","靖江泰州","未知","待核对","本科及以上","警用防护装备,防爆服,排爆服,防暴盾牌","兵器类,探测制导,安全工程,机械自动化","江苏顺达是一家深耕警用及安防装备领域的民营企业，主营防暴服、排爆服、单警装备等。其为公安部单警装备入围企业，资质深厚。相关研发与生产适合兵器类、安全工程、材料等专业毕业生关注。因具体薪酬及工作制待确认，建议求职时主动核实待遇情况。","暂未发现明显公开风险;部分福利及作息细则需入职前核实","http://www.jsshunda.cn/"
"江西国泰集团股份有限公司","国企","江西南昌","未知","待核对","待核对","省属国企,民爆一体化,军工新材料,爆破服务","关注江西省属民爆企业的学生。,关注民爆生产、爆破施工和安全管理的学生。,愿意核对省内多地岗位的学生。","公开资料显示，国泰集团以民爆一体化为主体，并有军工新材料、轨交自动化及信息化等业务。民爆产品、爆破施工和安全管理与本专业相关；招聘入口可关注，但薪资、作息和岗位地点没有可靠统一口径。","岗位可能分布在集团本部和下属单位。;招聘平台信息可能下线或过期。;薪资、作息和福利需以官方公告或面试为准。;非民爆业务与本专业相关性较弱。","https://www.jxgtjtgw.com/"
"江西国鲲微电子科技有限公司","国企","江西省南昌市","未知","待核对","本科及以上","国泰集团核心,模组产线,高新技术企业","微电子、自动化、测控与仪器专业毕业生,倾向于国泰供应链内高附加值技术岗位的学生","作为国泰集团解决电子雷管芯片模组产业链核心问题设立的专项科技公司，是弹药工程与微电子交叉方向学生的绝佳技术型入库候选。该公司被认定为高新技术企业，并且具备成熟的自动化生产线。","暂无统一的独立对外官网可以访问;公开招聘入口需要进一步深挖集团内推或校招信息;具体薪资福利政策处于未知状态","http://www.cninfo.com.cn/test1"
"江西新余国科科技股份有限公司","国有控股上市公司","江西省新余市","未知","待核对","本科及以上（具体岗位不同：部长需硕士+；工程师多本科）","军用火工品研发制造,民用爆炸物品生产,人工影响天气装备,军工涉密咨询","弹药工程与爆炸技术专业学生关注军工含能材料方向,对军用火工品、人工影响天气装备感兴趣的专业生,可通过招聘平台了解企业动态的在校生,寻求军工背景、爆炸技术相关实习或就业机会","江西新余国科科技股份有限公司（股票代码300722）为国有控股上市公司，成立2008年，总部位于江西省新余市，隶属于江西省军工控股集团有限公司。主营业务包括军用火工品、军训器材、人工影响天气专用技术装备、保险柜等，兼营民爆物品生产许可及军工涉密业务咨询。2024年6月获得民用爆炸物品生产许可证，与弹药工程与爆炸技术专业高度相关。公司通过正规渠道发布2026年公开招聘公告，涉及投资规划、设计、工程、安全等岗位，学历要求本科及以上，部分岗位需硕士或特定专业经验。招聘信息可靠来源包括公司官网及专业招聘平台。企业性质为国有控股上市公司，适合关注军工含能材料、爆炸技术及相关工程的专业学生，但需注意招聘公告已发布（2026年4月-5月），后续可能无新校招信号；工作地点主要为新余市总部及生产基地，部分岗位可能涉及军工相关保密要求。","2026年公开招聘公告已过期，未来校招信号不确定;招聘委托江西施瑞德人才发展有限公司，可能非总部直接签约;部分岗位要求军工相关经验或保密背景;工作地点主要在新余市生产基地，可能涉及现场操作;企业涉军工领域，部分信息可能涉及保密限制","https://www.jx9394.com/"
"沈阳市中兴防爆电器总厂有限公司","民企","大东区沈阳","未知","待核对","本科及以上","特种化工防爆装备,防爆电器","兵器类,安全工程,机械自动化,材料类","该企业为国家定点防爆电器专业生产厂家，主营防爆照明灯具、配电箱等。其业务与化工、军工等领域的防爆装备需求紧密相关，适合弹药、安全工程及机械自动化等相关专业的毕业生关注，但具体薪资待遇及工作制度有待进一步核实。","暂未发现明显公开风险;部分福利及作息细则需入职前核实","http://www.zxex-proof.com"
"沈阳新松机器人自动化股份有限公司","国企","辽宁省沈阳市","未知","双休","本科及以上","核心配套","兵器类,探测制导,安全工程,机械自动化","沈阳新松作为中科院背景的“国家队”机器人企业，在工业机器人及特种装备领域技术实力雄厚。其产品可广泛应用于兵器火工作业的“机器换人”升级，非常适合机械工程、自动化、探测制导及弹药工程等对口专业的毕业生，职业发展前景广阔。","暂未发现明显公开风险;部分福利及作息细则需入职前核实","https://www.siasun.com"
"河北云山化工集团有限公司","待核对","河北邢台","未知","待核对","本科及以上","民用爆破器材生产销售,爆破服务","兵器类,探测制导,安全工程,机械自动化","河北云山化工集团有限公司始建于1965年，是国家工信部定点的民用爆破器材生产企业和河北省民爆行业骨干，主营民爆器材研发、生产、销售及爆破服务。公司业务涵盖乳化炸药生产及工程施工等，与兵器类、安全工程及材料等专业高度契合，行业地位稳固，适合相关对口专业毕业生作为职业发展平台。","暂未发现明显公开风险;部分福利及作息细则需入职前核实","http://www.hbyunshan.com/"
"河北卫星化工股份有限公司","国企","河北省新乐市","未知","待核对","待核对","华北入口,保利联合线索,雷管生产,民爆器材","关注华北民爆器材生产的学生。,关注雷管、工艺和安全管理岗位线索的学生。,希望了解央国企体系子公司入口的学生。","河北卫星化工股份有限公司可作为华北地区民爆器材和雷管生产企业入口。现有证据以上级集团官网、上市公司公开资料入口和监管资料入口为主，可支撑行业相关性；独立校招、薪资、作息和厂区岗位仍需复查。","未找到稳定独立官网。;公开招聘信息不足，不宜判断校招开放度。;薪资、作息和学历要求保持未知。;招聘和签约主体需按最新公告复查。","https://www.poly-union.com/contents/189/338.html"
"河南中南工业有限责任公司","国企","河南南阳","未知","待核对","本科及以上线索，具体以最新公告为准","军工制造,特种弹药线索,超硬材料,招聘线索","关注军工制造和特种装备方向的学生。,愿意到河南南阳方城就业的求职学生。,需要逐项核对涉密和生产现场要求的学生。","公开招聘入口、学校就业网和政府招聘活动资料显示，河南中南工业与中国兵器相关军工制造、超硬材料及部分特种弹药线索有关。专业相关度可作为中相关参考，但缺少独立官网和最新校招细则，岗位、薪资、作息、厂区和涉密要求都需复核。","当前缺少企业独立官网入口。;历史招聘材料不能代表当前仍在招聘。;特种弹药相关描述需以最新官方资料复核。;薪资和作息没有可靠公开口径。","https://zhaopin.nhrdc.cn/campus/job.jsp?id=20518&from=1"
"河南北方红阳机电有限公司","国企/待核对","河南南阳市南召县；不确定写待核对待核对","未知","双休/待核对","本科及以上;待核对","弹药产品冲压机加,军品研发中心,火箭军研发中心,精密机械加工","关注弹药工程与爆炸技术专业的学生或教师,了解军工企业生产制造岗位的求职者,需要了解军民融合相关企业情况的考生","河南北方红阳机电有限公司隶属中兵红箭股份有限公司，始建于1968年，是国家重点保军单位。核心业务围绕弹药产品的冲压、机加、热处理、装药与总装，涉及导弹战斗部精密机械加工及制导部件测试。学校就业信息明确指出承担火箭军相关研发生产任务，与弹药工程与爆炸技术专业高度匹配。注册地为河南省南阳市南召县皇后乡，现有资料显示工作地点主要集中在南阳市高新区和南召县。招聘信号有限，高校公告提及技术员等岗位，但无最新有效公告。企业为国企性质。薪资与作息为引才政策描述，待核对。总体适合关注军工弹药相关领域的学生或教师，需通过学校就业网或巨潮资讯网关注最新招聘。","招聘信息主要来自高校就业网，非企业官网，真实性需再次确认;薪资范围为学校引才描述，未见官方公告;工作地点为南召县，未明确是否需总部签约;公告未见最新有效校招信息，招聘信号较少;可能存在涉密岗位或现场操作要求",""
"河南省前进化工科技集团股份有限公司","待核对","河南洛阳","未知","待核对","本科及以上线索，具体以最新公告为准","民爆器材,工程爆破,从业培训,校招入口","关注民爆器材、工程爆破和安全管理方向的学生。,能接受生产现场、工程项目或子公司岗位差异的学生。,准备逐项核对最新招聘公告的求职学生。","公开入口显示，前进科化集团业务涉及民爆器材、工程爆破和爆破从业培训，与弹药、爆炸技术和安全管理方向关联较强。已有官网和高校招聘公告线索，但薪资、作息、岗位地点和签约主体仍需按最新公告复查。","招聘主体可能是集团、子公司或具体项目单位，不能默认等同。;工程爆破和生产岗位可能涉及现场作业、安全管控或倒班。;薪资、作息、福利和工作地点未形成可靠公开口径。;荣誉、资质和产能信息不作为就业判断的直接结论。","https://www.qianjinchem.net.cn/"
"河南省松光民爆器材股份有限公司","待核对","河南荥阳","未知","待核对","待核对","工业炸药,民爆器材,易普力收购线索,河南区域","关注河南区域民爆器材生产的学生。,需要研究上市公司民爆产能整合的学生。,愿意等待官网或招聘公告补证的求职学生。","易普力公告和定期报告显示，河南省松光民爆器材股份有限公司与工业炸药生产销售及河南区域民爆产能有关，专业相关度较高。但当前缺少目标企业官网和可靠招聘公告，岗位、学历、薪资、作息、生产基地和签约主体均需人工复核。","缺少目标企业官网或官方公众号入口。;没有可靠公开招聘公告，不能判断岗位开放情况。;股权变更后的企业性质和签约主体需复核。;薪资、作息和工作地点没有可靠公开口径。","https://static.cninfo.com.cn/finalpage/2025-03-27/1222912401.PDF"
"河南省现代爆破技术有限公司","待核对","河南郑州","未知","待核对","待核对，具体以最新公告为准","爆破工程,工程施工,前进科化线索,招聘线索","关注爆破工程现场实践的学生。,愿意核对项目地点和外业频率的求职学生。,对民爆服务和安全技术岗位有兴趣的学生。","官网和前进科化集团官网显示，河南现代爆破与工程爆破、爆破技术咨询等业务有关，和爆炸技术实践方向关联较强。但资料主要来自企业及集团官网，外部招聘证据较少；最新岗位、薪资、作息、项目地点和签约主体需人工复核。","招聘页面可能不是最新校招公告。;企业性质、股权关系和签约主体需人工复查。;爆破工程岗位可能涉及外业、项目驻场和资质要求。;薪资和作息没有可靠公开口径。","http://xdbp.cn/"
"泸州北方化学工业有限公司","国企","四川省泸州","未知","待核对","硕士研究生；本科；待核对","国家重点保军大型化工企业,1933年创建的化学兵工厂,兵器工业集团旗下,纤维素醚与火工品相关研发生产","本科或研究生，化学工程、机械工程、安全工程专业学生,希望参与军工含能材料研发或生产的技术人员,关注国防科技与化工制造结合的职业规划学生,有安全技术、检验相关证书的应届毕业生","泸州北方化学工业有限公司是兵器工业集团旗下国家重点保军大型化工企业，历史可追溯至1933年化学兵工厂，当前从事含能材料、火工品生产与研发工作，与弹药工程与爆炸技术专业高度相关，主要岗位包括安全技术管理、军品研发、机械制造等领域。企业规模较大，位于四川省泸州，属于国企性质。公开招聘信息显示硕士及本科毕业生可投递安全技术、机械制造等岗位，但无最新在招公告或薪资数据。适合对军工含能材料感兴趣的本科或研究生学生，但需注意工作地点可能涉及生产基地，具体岗位可能为技能类或检验类，安全管理相关岗位与专业匹配度较高。","工作地点为生产基地（泸州高坝为主），可能需接受现场操作或倒班;国企企业文化偏传统，可能涉密或保密要求;招聘公告较旧（2025年），最新在招情况需核对;薪资与作息无公开来源，待核对;岗位可能偏生产或检验技能类，非纯科研","https://lncc.cn.chemnet.com/"
"浙江京安爆破工程有限公司","国企","拱墅区杭州","样本值（待核对）","待核对","本科及以上","爆破工程,控制拆除爆破,土石方工程,民爆一体化服务","爆破工程,弹药工程","浙江京安爆破工程有限公司是浙江新联民爆全资控股的大型国企，主营爆破与拆除工程及矿山开采，具有一级爆破资质。非常契合弹药工程与爆炸技术等兵器类专业毕业生，平台稳定，建议重点关注。","暂未发现明显公开风险;部分福利及作息细则需入职前核实","http://www.zjjabp.com"
"浙江利化爆破工程有限公司","民企","华东丽水","未知","待核对","本科及以上","爆破工程,矿山施工,拆除爆破","兵器类,探测制导,安全工程,机械自动化","浙江利化爆破是丽水市一家具二级爆破资质的民营企业，背靠利化民爆股份，具有完整的民爆器材研发与爆破服务产业链。业务稳健，属区域内知名企业，非常适合兵器类、安全工程、爆破等专业的毕业生在华东地区长期发展。","暂未发现明显公开风险;部分福利及作息细则需入职前核实","http://www.lhbpgf.com/"
"浙江新联民爆集团股份有限公司","国企","浙江杭州","未知","双休","本科及以上","民用爆破器材生产,工业炸药,起爆器材,爆破技术服务","兵器类,安全工程,采矿工程,探测制导","浙江新联民爆集团由浙江省机电集团与物产中大集团组建，是浙江省属核心国有企业。公司业务涵盖工业炸药、起爆器材、民爆器材产销及爆破技术服务全产业链。对于兵器类、安全工程、采矿及爆破专业的毕业生，该企业提供了稳定规范的国企平台和对口的发展通道，是相关专业求职者的优质选择。","暂未发现明显公开风险;部分福利及作息细则需入职前核实","http://www.zjxlmb.com/"
"浙江永联民爆器材有限公司","待核对","浙江杭州","未知","待核对","本科;待核对","民爆器材生产,乳化炸药,分公司多,国有相关","关注民爆领域或含能材料专业的学生,了解行业现状与发展的学生,关注行业新闻或招聘动态的学生","浙江永联民爆器材有限公司是一家位于杭州的民爆器材生产企业，业务涵盖乳化炸药等含能材料相关产品，历史曾进行应届生校招。企业规模较大，下设多个分公司，属于民爆行业领域。对弹药工程与爆炸技术专业学生具有一定相关性，可作为行业参考。但目前无企业官网、无2026年最新招聘公告、无薪资或作息公开信息，信息主要来自历史招聘归档和公开企业资料。学生可关注招聘平台或行业协会了解最新动态。","无官网，招聘信息不公开;历史招聘归档信息，可能已过期;工作地点多为分公司，需确认具体岗位;无薪资或作息信息，信息不完整;公告与数据可能存在时效性",""
"浙江省高能爆破工程有限公司","民企","西湖区杭州市","未知","待核对","本科及以上","爆破工程,矿山爆破,地质灾害治理","兵器类,探测制导,安全工程,机械自动化","浙江省高能爆破工程有限公司具备公安部爆破作业一级资质及矿山工程施工总承包壹级资质，主营矿山爆破与地质灾害治理。公司为民营企业，参编了国家《爆破安全规程》，行业实力强。业务方向与弹药工程、安全工程高度对口，是兵器类专业毕业生在民爆工程领域值得考虑的优质就业选择。","暂未发现明显公开风险;部分福利及作息细则需入职前核实","http://www.gnbp.cn/"
"深圳市卫飞科技有限公司（含锐巽自动化、大能智造）","民企","广东深圳","样本值（待核对）","双休","本科及以上","国家级专精特新“小巨人”,电子雷管自动化成套装备,民爆行业机器换人,卫飞集团合并重组","兵器类,机械工程,安全工程,自动化","该公司（核心为卫飞集团及锐巽自动化）是国内领先的民爆电子雷管自动化装备供应商。主营高危行业产线自动化、机器换人等业务，具备极强专业壁垒，适合兵器类、机械自动化、安全工程等毕业生，是民爆产业链上的优质技术型企业。","暂未发现明显公开风险;部分福利及作息细则需入职前核实","https://www.ruixunauto.com/"
"深圳市金奥博科技股份有限公司","民企","广东深圳","未知","待核对","待核对","民爆装备,智能制造,信息化服务,民爆一体化","关注民爆智能制造和自动化装备的学生。,机械、自动化、软件、工业互联网方向背景学生。,想避开纯生产一线、关注装备服务的学生。","公开资料显示，金奥博以民爆智能装备、信息化服务和民爆一体化为核心，涉及工业炸药、数码电子雷管生产线及机器人装备。它更偏装备自动化和信息化方向，适合机械、自动化、软件和工艺装备背景学生关注。","不是传统弹药生产单位，岗位匹配需看具体部门。;招聘公告不足，不能判断薪资和作息。;项目交付岗位可能有出差或现场调试。;民爆一体化子公司与总部岗位差异较大。","https://www.kingexplorer.com/"
"湖北三江航天江河化工科技有限公司","国企","湖北省宜昌市远安县","未知","待核对","本科及以上；待核对","国有大型航天企业,固体推进剂装药制造,高能材料生产线,地面试验设施","对军工企业生产工艺感兴趣的本科生,熟悉固体推进剂和含能材料的相关专业学生,愿意在湖北省宜昌远安县工作的学生,关注航天/军工领域职业发展的毕业生","该企业隶属于中国航天科工集团第六研究院（航天推进技术研究院），是国有大型航天企业，成立于1969年，位于湖北省宜昌市远安县。主营业务包括型号发动机设计、装药、总装、地面试验，以及固体推进剂配方研制和高能材料生产，拥有国内最大推力试车台等设备。业务方向与军工、含能材料、火工品、爆破工程等领域高度相关，适合弹药工程与爆炸技术专业学生了解军工企业生产工艺和试验验证。近年来仍有校园招聘宣讲会和相关职位发布，但未找到独立官网，招聘信息主要通过高校就业平台公示，具体岗位数量和薪资需以最新公告为准。企业规模约1000余人，偏向生产操作岗位，工作地点稳定在宜昌远安县。","未找到独立官网，招聘信息可能随时间更新;具体薪资和福利细节待最新公告核实;部分招聘岗位可能偏现场操作;未确认最新招聘岗位数量和报名截止时间;存在涉密和倒班可能",""
"湖北东方化工有限公司","国企","湖北省宜城","未知","待核对","本科及以上","中国兵器工业集团公司所属重点企业,国家保军生产企业,特种化工与含能材料生产,弹药配套梯恩梯主要厂家","从事特种化工与含能材料方向的学生,关注军工企业就业的学生,化学、化工、材料相关专业本科及以上毕业生,有意愿参与科研与生产技术工作的学生","湖北东方化工有限公司隶属于中国兵器工业集团公司，位于湖北省襄阳市宜城市，专业从事特种化工与含能材料生产，是国家保军生产企业和弹药配套厂家，与弹药工程与爆炸技术专业存在直接相关度。公司持续开展校招活动，包括2026届校园招聘，目前通过BOSS直聘等平台发布相关招聘信息，学历要求本科及以上。工作地点为宜城，岗位包括工艺、安全等技术类，具体薪资、作息及是否涉密等细节仍需以官网或最新公告为准。","部分岗位可能涉及保密或现场操作;薪资水平需结合最新公告确认;工作地点仅宜城，签约可能涉及集团子公司;校招公告信息可能随时间更新;暂无公司独立招聘官网，信息来源于第三方平台",""
"湖北凯龙化工集团股份有限公司","国企","湖北荆门","未知","待核对","待核对","民爆行业,原军工企业,爆破业务,硝酸铵","关注湖北民爆企业和爆破业务的学生。,关注化工安全、硝酸铵和民爆生产的学生。,能主动核对国资背景和岗位主体的学生。","公开资料显示，凯龙股份源于原省属军工企业，业务包含民爆产品、爆破业务、硝酸铵及复合肥等板块。其民爆和爆破业务与弹药工程、安全工程相关；最新校招岗位、薪资和作息未形成稳定公开证据。","控制权变更信息需以最新公告为准。;招聘细节不足，不能推断薪资和作息。;民爆生产和爆破业务可能有现场安全要求。;不同业务板块与本专业相关程度不同。","http://www.hbklgroup.cn/"
"湖北汉丹机电有限公司","民企","湖北襄阳","未知","待核对","本科及以上","核心配套,高德红外全资子公司,军工企业","兵器类,探测制导,安全工程,机械自动化","湖北汉丹机电有限公司现为高德红外全资子公司，拥有深厚的军工底蕴。其核心业务覆盖非致命弹药、信息化弹药及引信等特种装备的研发与制造，与弹药工程与爆炸技术专业高度契合。公司常年在各高校开展校招，提供大量研发及工艺相关岗位，是兵器类、电子及机械类毕业生进入军品研发领域的优质平台，强烈建议重点关注。","暂未发现明显公开风险;部分福利及作息细则需入职前核实","https://www.guideir.com/"
"湖北航鹏化学动力科技有限责任公司","国有控股","湖北省襄阳","未知","待核对","硕士及以上为主，本科及以上","航天军工背景,安全气囊气体发生器,含能材料混合装备,院士团队研发","有含能材料或安全系统专业背景的毕业生,关注军工高新技术企业的学生,对研发制造感兴趣的理工科学生,有固定工作需求的应届毕业生","湖北航鹏化学动力科技有限责任公司（原名湖北航鹏化工动力科技有限责任公司）为国有控股军工企业，总部襄阳，专注于汽车安全气囊气体发生器、含能材料混合装备及应急救生产品研发制造。该业务与弹药工程与爆炸技术专业关联度低，主要涉及被动安全系统及含能混合装备，非军用火工品或民爆领域。公开资料显示有高校军工招聘活动，但无爆炸技术相关岗位信号，薪资及作息待核对。适合有含能材料或安全系统背景的理工科毕业生，风险包括工作地点固定及非专业爆炸技术岗位。","工作地点为襄阳总部，可能不涉及爆炸现场;签约单位为公司而非军队单位;公开招聘信息有限，无涉密岗位确认;公告可能过期或不定期;无直接爆炸工程或民爆业务","www.caschp.com"
"湖南兵器资江机器有限公司","国企","湖南益阳","未知","待核对","本科及以上","老牌军工单位,核心配套,国营9656厂","兵器类,机械工程,材料科学与工程,安全工程","湖南兵器资江机器有限公司（原国营9656厂）是湖南兵器工业集团下属核心企业，主要从事大口径轻武器及反器材武器等军品的研发生产。作为老牌军工单位，拥有深厚科研实力。整体工作稳定，福利具有国企特色，非常适合兵器类、机械制造及安全工程等专业毕业生，是从事轻武器研发制造的优质国企平台。","暂未发现明显公开风险;部分福利及作息细则需入职前核实","http://www.hoig.com.cn/"
"湖南南岭民用爆破器材股份有限公司","待核对","湖南长沙","未知","待核对","待核对","民爆器材生产,爆破工程服务,矿山开采施工,试验验证","有民爆或爆炸技术专业背景的学生,关注含能材料及安全技术领域,愿意了解国企民爆企业发展的学生,可通过官网投递简历查询最新岗位","湖南南岭民用爆破器材股份有限公司原为湖南省属地方军工企业，主营民用爆破器材生产销售及爆破工程服务，2006年在深交所上市，2023年通过重大资产重组与易普力股份有限公司完成业务整合并更名，业务仍延续民爆及含能材料相关领域。目前为弹药工程与爆炸技术专业学生提供可关注的企业，但由于资料分散，未找到公开的校招公告或具体薪资/作息信息，属于待核对状态。适合有民爆或含能材料专业背景的学生了解企业发展，但需通过官网或学校就业网进一步核实最新招聘信息。","招聘信息需官网或学校就业网实时核对;部分岗位可能涉及生产基地或外派;历史名称下数据与当前公司可能存在交叉;具体薪资及作息未在公开来源中确认;公告可能随重组调整而变化","http://www.expl.ceec.net.cn/"
"湖南神斧集团向红机械化工有限责任公司","国企","湖南岳阳","未知","待核对","本科及以上","军用火工品定点生产,民用爆炸物品,军工二级保密资格,央企核心子公司","兵器类,探测制导,安全工程,机械自动化","湖南神斧集团向红机械化工有限责任公司（现易普力向红）是国家定点生产军用火工品、民爆物品的大型国企，具有深厚的军工底蕴与民用制造实力。其主营业务与兵器类、安全工程及材料类等专业高度对口。作为央企上市公司易普力股份的核心子公司，平台稳定且具备广阔的发展空间，非常适合弹药工程与爆炸技术等对口专业毕业生作为重点求职目标。","暂未发现明显公开风险;部分福利及作息细则需入职前核实","http://www.ypl-china.com"
"湖南神斧集团有限公司","待核对","湖南省长沙市","未知","待核对","待核对","国有控股企业,民爆龙头,爆破技术研发","对湖南省民爆行业有兴趣的弹药专业学生,能接受生产基地或多基地工作的学生,了解含能材料历史背景者","湖南神斧集团有限公司为湖南省国资委出资的民爆行业龙头企业（历史资料），主要涉及民用爆破器材生产与爆破技术，旗下存在曾用名湖南神斧集团湘南爆破器材有限责任公司（现易普力湘南爆破器材有限责任公司）。企业历史招聘曾面向弹药工程与爆炸技术专业，但2024-2026年无公开校招公告或官网招聘入口，工作地点多为生产基地（如永州），存在潜在涉密或现场岗位风险，信息可信度中等但需谨慎，因缺乏最新运营数据。","无2024年后校招公告，信息可能已过期;工作地点多为生产基地，非总部;可能存在涉密或现场操作岗位;企业名称历史变更，可能实际运营主体不同;薪资与作息无公开来源","https://baike.baidu.com/item/%E6%B9%96%E5%8D%97%E7%A5%9E%E6%96%A7%E6%B0%91%E7%88%86%E9%9B%86%E5%9B%A2%E6%9C%89%E9%99%90%E5%85%AC%E5%8F%B8/9825021"
"湖南金石智造科技有限公司","民企","湖南长沙","未知","双休","本科及以上","矿山智能装备,现场混装炸药车,智能仓储,矿山大产能装药机","兵器类,探测制导,安全工程,机械自动化","湖南金石智造专注于矿山智能装备与现场混装炸药车，由机电职院师生共创。其核心产品填补市场空白且应用于重大工程，公司研发实力强且具创新力，极适合兵器类及机械应届生在此扎根发展。","暂未发现明显公开风险;部分福利及作息细则需入职前核实","http://www.hnkings.com/"
"湖南金能科技股份有限公司","待核对","湖南省长沙市","未知","待核对","待核对","民用爆破技术研发,工业炸药生产,工程爆破服务,安全评价","对民爆技术、爆破工程有兴趣的学生,愿意在长沙本地工作的本科生,了解爆炸安全技术的相关专业学生,寻求低调科技型岗位者","湖南金能科技股份有限公司（原长沙矿冶研究院子公司，国家民爆行业重点企业）位于长沙市岳麓区，主要从事工业炸药生产、技术研发、工程爆破及安全评价服务。业务方向与弹药工程与爆炸技术专业高度相关，历史招聘简章明确提及弹药工程、火炸药等专业需求，但截至2026年6月，未发现最新校招公告、官网或招聘平台公开信息。企业规模较小（公开信息显示51-200人），可能为现场为主的科技型单位。适合对民爆技术有兴趣的本科或研究生学生，但需关注潜在工作地点不确定、涉密性质及无最新招聘信号的风险。所有结论均基于公开可查资料，来源不完整。","无最新校招公告或官网，招聘信息可能已过期或内部渠道;工作地点可能为现场或生产基地，公开信息有限;企业性质及控股结构不确定，存在历史分立和股权转让记录;可能涉及涉密或安全评价相关岗位;薪资及作息无可靠来源",""
"甘肃省化工研究院有限责任公司","国企","甘肃省兰州市","未知","待核对","本科及以上","省属国企,权威安评资质,科研院所","化工安全、安全工程专业学生,倾向甘肃国企发展的毕业生","甘肃省化工研究院是西北地区具有较强权威性的化工安全及评价机构。该院承担多项省级科技项目，被认定为高新技术企业和国家级中小企业公共服务示范平台。对于安全工程专业的学生，这是一个非常对口且稳定的省属国企平台，但其最新年度招聘指标有待确认。","近期校招岗位清单及具体投递邮箱待核对;待遇信息不够透明","http://www.gsrici.com"
"甘肃银光化学工业集团有限公司","国企","甘肃白银","未知","待核对","本科及以上岗位线索，具体待核对","兵器工业体系,含能材料,特种化工,安全工程岗位","关注含能材料、特种化工和安全工程的学生。,能接受西北生产基地环境的学生。,希望了解兵器工业体系化工单位的学生。","公开资料显示，甘肃银光隶属兵器工业体系，涉及含能材料、特种化工和军民品生产，和弹药工程、安全工程关联较强。学校就业网出现安全工程等岗位线索；薪资、作息、倒班和涉密要求需面试或官方公告核对。","未找到稳定独立官网，主要靠政府专题和招聘入口。;生产岗位可能涉及倒班、安全培训或涉密要求。;薪资和作息没有可靠公开口径。;招聘平台主页只能作入口线索。","https://www.baiyin.gov.cn/bmzq/gsyghxgyjtyxgs/index.html"
"福建海峡科化股份有限公司","国企","福建省永安市","样本值（待核对）","待核对","本科及以上（历史样本，待核对）","民爆产品,武器装备科研生产,爆破服务,国企","关注民爆产品生产的学生,关注爆破服务和安全管理方向的学生,希望了解福建区域国企岗位的学生","福建海峡科化股份有限公司公开资料显示业务涉及民用爆炸物品、武器装备科研生产和爆破服务，与弹药工程、爆破工程和安全技术方向相关。历史招聘样本出现技术、研发、安全、设备管理等岗位线索，但薪资、作息、具体地点和当前岗位仍以最新公告为准。","历史招聘公告不能代表当前仍在招聘。;薪资样本需按最新公告复查。;签约主体和工作地点可能随分公司变化。;作息和现场岗位要求未核验。","http://hxkh.com/"
"福建高能建设工程有限公司","待核对","福建省福州市","未知","待核对","待核对","专业爆破,福建区域,工程施工,招聘入口线索","关注爆破工程现场应用的学生。,关注安全工程、采矿和施工技术岗位的学生。,能接受项目现场和出差可能性的学生。","福建高能建设工程有限公司可作为福建区域专业爆破工程入口。官网和地方招聘平台显示其方向偏爆破、拆除、矿山和现场工程服务，适合关注工程应用的学生；最新资质、岗位、薪资、作息和项目地点仍需复查。","招聘信息来自地方平台，岗位有效性需核对。;项目地点可能不同于总部城市。;爆破岗位可能需要证书和现场经验。;薪资和作息没有稳定公开口径。","http://www.fjgnbp.com"
"舞钢神州重工金属复合材料有限公司","民企","舞钢市平顶山市","未知","待核对","本科及以上","爆炸焊接,层状金属复合材料,军工/石化高端装备材料,专精特新小巨人","兵器类,弹药工程,安全工程,材料类","舞钢神州重工是一家专注于爆炸焊接金属复合材料的民营高新技术企业、国家级专精特新“小巨人”。其产品应用于军工、航空航天等高端装备领域。由于涉及特种爆炸工艺及军工装备材料，与弹药工程、安全工程及材料类专业高度对口。适合愿意投身高端制造与军工材料领域的毕业生发展。","暂未发现明显公开风险;部分福利及作息细则需入职前核实","http://www.szzg.cc"
"苏州凤凰动力工业有限公司","民企","江苏省苏州市","未知","待核对","本科及以上","核心配套,防爆仓储,军工AGV","兵器类,探测制导,安全工程,机械自动化","苏州凤凰动力工业有限公司是国内知名的AGV/AMR搬运机器人及电驱动总成研发商。其防爆型舵轮等设备具备军工级防爆认证，已广泛应用于弹药生产线与防爆仓储等高危环境。作为兵器行业的智能化装备配套方，公司在防爆电驱动领域具有技术优势，十分适合机械自动化、电气工程与安全工程相关专业毕业生，可胜任研发或技术支持等核心岗位。","暂未发现明显公开风险;部分福利及作息细则需入职前核实","https://www.phoenixpower.cn"
"西北机电工程研究所","国企","陕西咸阳","未知","待核对","硕士、博士；待核对","国防重点科研单位,火炮技术研发中心,含能材料研究,兵器火炮技术研发中心","对火炮装备研发或含能材料感兴趣的科研型学生,本科及以上学历准备考研或投递科研岗位,喜欢稳定科研环境而非一线生产工作的学生","西北机电工程研究所隶属中国兵器工业集团，是国防重点科研单位，定位为火炮技术研发中心和兵器火炮技术研发中心。业务方向以机械、电子、智能控制等综合技术研究为主，历史上有含能材料领域相关成果，但未见公开确认的民爆或火工品核心业务。校招以硕士、博士研究生为主，主要招聘信号来自高校就业网和招聘平台，工作地点固定在咸阳。企业为科研机构，公开招聘信息极少，存在涉密、保密工作和现场试验验证岗位风险。适合对国防科研、火炮装备或含能材料感兴趣的弹药工程与爆炸技术专业学生，但不适合追求公开透明职位的求职者。","无公开最新校招公告，招聘信号不稳定;工作地点固定但岗位可能涉及试验验证或保密要求;企业性质为科研事业单位，非制造类公司;薪资与作息缺乏可靠公开来源;部分信息来自高校平台，非企业官网",""
"西安北方惠安化学工业有限公司","国企","陕西省西安市","未知","双休","本科及以上，化学工程、材料工程、机械工程等相关专业","国家重点保军企业,军民结合型复合企业,纤维素系列产品,含能材料研发生产","对含能材料、火工品、爆破工程感兴趣的本科生,愿意从事军工相关技术的学生,关注安全技术与工艺制造领域的应届毕业生,喜欢大型国企稳定发展机会的求职者","西安北方惠安化学工业有限公司隶属中国兵器工业集团，是国家重点保军企业，1954年创建于西安市鄠邑区，主要从事军用含能材料、纤维素系列产品及化工产品研发生产，属于军工与民爆领域。公开资料显示其与弹药工程与爆炸技术专业相关度较高，尤其在含能材料、火工品、工艺制造及安全技术方面有技术积累。招聘信号来自智联招聘、猎聘及学校就业网，常见岗位包括工艺操作师、设备管理等，学历要求本科及以上，工作城市为西安市，待遇描述包括双休和住房福利，但无2026年具体薪资。企业规模大，配套设施完善，适合对军工含能材料和爆炸技术感兴趣的学生，但存在军工企业常见特点，如涉密性质及现场作业环境。综合判断为中等相关度企业，可作为参考但需关注官方渠道获取最新信息。","工作地点为厂区，部分岗位可能涉密或需要保密手续;具体薪资范围和作息安排需通过官方渠道确认，无最新公开数据;部分招聘信息为历史或汇总性质，2026年校招动态待核对;军工企业常见倒班或现场作业特征;签约单位可能非纯总部，存在附属机构情况",""
"西安庆华民用爆破器材股份有限公司","国企/待核对","陕西西安","未知","待核对","本科及以上","中国兵器工业集团三级子公司,工业和信息化部定点民爆大型骨干生产企业,国内民用起爆器材品种最齐全规模最大的生产企业,含能材料、火工品研发与制造","弹药工程与爆炸技术专业本科及以上学生,对民爆器材、含能材料感兴趣的求职者,希望在国有企业从事相关技术与制造工作的毕业生","该企业属于中国兵器工业集团三级子公司，是工业和信息化部定点的民爆行业大型骨干生产企业，专业从事工业雷管、导爆管雷管等民爆器材的研发、生产与销售。业务高度相关于弹药工程与爆炸技术专业，包括含能材料、火工品、爆破工程、安全技术等领域。校招存在记录，本科及以上学历、西安本地工作，福利包括五险二金等，适用于相关专业学生就业参考。风险包括招聘公告较旧、具体薪资与岗位未详、实际控制人可能随股权变化而调整。","招聘公告已于2024-2025年发布，需关注最新信号;工作地点为工厂区域，可能涉及现场操作;公司为许可经营的民爆企业，存在准入资质要求;股权存在过渡期，实际控制人可能调整;未找到官网或官方微信公众号入口","https://www.gaoxiaojob.com/announcement/detail/254121.html"
"西安航天化学动力有限公司","国企","陕西西安","未知","待核对","硕士、博士线索较多，具体以最新公告为准","固体动力,装药总装,推进剂工艺,高校校招","关注固体推进剂、含能材料、装药总装和检测方向的学生。,学历背景偏硕士或博士、能接受军工单位流程的学生。,愿意按最新公告逐项核对岗位和保密要求的学生。","高校就业网和公开论文线索显示，西安航天化学动力有限公司与固体火箭发动机装药、总装、检测和推进剂工艺相关，专业相关性较高。现有招聘多为历史样本，最新校招、薪资、作息和涉密要求仍需复查。","公开招聘样本多为历史公告，不能代表当前岗位。;独立官网入口未确认，需通过集团招聘平台和高校就业网复查。;部分岗位可能有涉密、背景审查、现场作业或倒班要求。;薪资、福利和作息不应根据第三方平台直接下结论。","https://www.career.zju.edu.cn/jyxt/sczp/xjhgl/ckXjhgwXq.zf?dwxxid=null&xjhbh=ac6ab7ed50b93491de3c2497923a7919"
"西安近代化学研究所","待核对","陕西省西安市","未知","待核对","待核对","含能材料研究中心,火炸药及爆炸科学,军民融合技术,国家级实验室依托","对含能材料、火炸药、爆炸科学感兴趣的本科/研究生,希望从事军工或军民融合研发的技术人员,西安本地或愿意在西安就业的毕业生,有扎实化学、材料、力学等专业背景的学生","西安近代化学研究所隶属于中国兵器工业集团，位于陕西西安雁塔区，是我国主要含能材料及爆炸科学研究中心，业务方向与弹药工程和爆炸技术高度匹配，适合从事含能材料、火工品、弹药技术等方向的专业学生。公开招聘信号显示博士/硕士生校招，工作地点固定于西安市雁塔区电子工业园区。总体与弹药工程与爆炸技术专业相关度高，适合理工背景学生，但因军工性质存在潜在保密要求，需结合个人情况评估。","岗位涉密或高安全性要求;可能存在倒班或现场试验工作;部分招聘公告可能已过期或需关注最新;签约单位可能非研究所总部，存在外派或技术合作风险;公开资料中未披露具体薪资及作息细节","http://campus.51job.com/zgbq204"
"西安鹏程爆破工程有限公司","民企","陕西省西安市","未知","待核对","大专/本科","老牌爆破企业,营业性爆破许可,拆除爆破","弹药工程、采矿工程去向偏现场施工的学生,对基层爆破工程实施有兴趣的毕业生","作为1997年成立的老牌民营爆破工程公司，西安鹏程在西安及周边地区有一定的工程业务量。它被列入陕西省高新技术企业备案名单，并参与了多地（如北京通州）的拆除工程项目。适合作为弹药工程或采矿工程学生在西北地区从事现场施工的基层起点。","官网入口待核对;薪资福利及企业发展潜力待核对","https://www.zhipin.com/test1"
"西昌永盛实业有限责任公司","待核对","四川省凉山彝族自治州西昌市","未知","待核对","待核对","硝铵炸药生产,民爆器材,安全监管,安全生产","关注民爆生产与安全技术的学生,了解含能材料工艺的学生,对西部地区国企企业感兴趣的学生","西昌永盛实业有限责任公司是四川省凉山彝族自治州西昌市从事硝铵炸药生产的民爆企业，与弹药工程与爆炸技术专业相关度较高，主要业务为工业炸药生产、安全监管和试验验证。该公司曾系兵器工业总公司定点生产企业，后并入云南民爆集团有限责任公司体系。公开资料显示存在员工招聘需求（如硝铵炸药制造工），但无校招公告或具体岗位列表。企业规模较小，无官方招聘网站和薪资信息。学生可关注凉山州人社局或当地国企招聘平台，注意岗位多为生产一线，需查阅最新安全许可和监管文件。","无官方招聘网站，岗位信息仅见于人社局公告;工作地点为西昌生产基地，现场为主;可能涉及安全许可限制或生产一线操作;无薪资与作息公开信息;股东信息虽为云南民爆，但需核实当前实际控制关系","https://www.qcc.com/firm/a68b539879a2062cdb1aaaed0c27fac7.html"
"西藏高争民爆股份有限公司","国企","西藏自治区拉萨市","未知","待核对","待核对","上市公司,国资控股,工业炸药,爆破服务","关注西藏区域民爆企业的学生,关注爆破工程和安全技术方向的学生,愿意了解区域国资企业的学生","西藏高争民爆股份有限公司公开资料显示其业务涉及民用爆炸物品生产、销售、运输和爆破作业服务，与爆破工程、安全技术和含能材料方向相关。现有资料可用于建立企业入口和方向判断，但最新招聘岗位、薪资、作息和工作地点仍需以官网或公告为准。","未形成稳定校招入口。;岗位地点可能分散在西藏各地。;现场作业和安全资质要求需核对。;薪资和作息无可靠公开口径。","https://www.xzmbgf.com"
"谱瑞科技（大连）有限公司","民企","待核对大连","未知","待核对","本科及以上","痕量毒品检测,爆炸物探测仪,专用分析仪器设备","兵器类,探测制导,安全工程,机械自动化","谱瑞科技（大连）有限公司是一家专注于痕量毒品与爆炸物探测仪研制的创新型民营企业。公司与大连化物所深度合作，在爆炸物检测领域具备核心技术。其业务与探测制导、兵器类专业高度对口。当前网络缺乏公开薪酬数据，建议兵器和安全工程类毕业生将其作为备选靶向企业，后续需重点核实其薪酬待遇及工作节奏。","暂未发现明显公开风险;部分福利及作息细则需入职前核实","http://www.rytrum.com/"
"贵州久联民爆器材发展股份有限公司","国企","贵州省贵阳市","未知","待核对","待核对","民爆器材研发生产,爆破工程服务,高新技术企业,保利集团旗下","对民爆工程、含能材料及爆破技术感兴趣的学生,关注国企民爆行业发展的专业生,有爆破工程施工相关兴趣的人员","企业原名为贵州久联民爆器材发展股份有限公司，现已更名为保利联合化工控股集团股份有限公司，仍从事民爆器材研发、生产、销售及爆破工程施工，是保利集团旗下国有企业，位于贵州省贵阳市，隶属民爆行业。业务方向高度匹配弹药工程与爆炸技术专业，包括民用爆炸器材生产、爆破工程服务、含能材料相关研发与试验验证等。公开资料显示其为工信部支持的民爆行业领军企业，具备国家级技术中心，但无2026年或近期公开校招公告、岗位列表或薪资信息。适合对民爆工程、含能材料、爆破技术有兴趣的学生，但需谨慎核对最新招聘动态，因部分信息待进一步核实。","未找到公开的2026年校招公告;部分业务涉及现场施工或异地产能;国企企业可能存在涉密或特定岗位限制;资料更新至2026年，但招聘信息可能随时变化","https://www.poly-union.com/"
"贵州盘江民爆有限公司","国企","贵州省清镇市","未知","待核对","本科及以上","民爆器材生产企业,含能材料研发,电子雷管制造,爆破技术服务","弹药工程与爆炸技术专业本科生,含能材料、火工品工艺制造方向学生,对民爆行业安全技术感兴趣的学生,需稳定国企就业背景的学生","贵州盘江民爆有限公司是保利联合化工控股集团全资子公司，位于贵州省贵阳市清镇市，专注于民用爆炸物品研发、生产与销售。主要产品包括工业炸药、工业电雷管等，具备电子雷管全流程自动化生产能力。属于民爆行业国家定点生产企业，与弹药工程与爆炸技术专业高度相关，可为学生提供生产工艺、含能材料和爆破服务岗位参考。招聘以校招为主，通过贵州区域平台（贵州联合）发布安全技术、安全信息化等岗位，学历要求本科及以上。企业为国企性质，存在生产基地可能涉及现场作业风险，建议关注最新招聘公告。","工作地点可能为生产基地现场;存在涉密或危险品操作岗位;部分招聘岗位可能需倒班;具体薪资范围无公开来源;招聘公告可能过期或岗位变化","https://www.tianyancha.com/company/249553793"
"辽宁北方华丰特种化工有限公司","国企","辽宁省抚顺市","未知","待核对","本科及以上；待核对","火工品科研生产,国家重点保军单位,航天导弹配套,高校合作基地","对军工含能材料、火工品工艺制造感兴趣的学生,具备爆炸技术、弹药工程等专业背景的学生,愿意从事国防领域长期稳定工作的求职者,关注军民融合发展的人才","辽宁北方华丰特种化工有限公司隶属中国兵器工业集团，是国家重点保军火工品生产企业，业务方向与弹药工程及爆炸技术高度匹配，主要从事军用火工品、特种能源及相关含能材料研发制造。企业为高校教学科研合作基地，曾举办专场招聘并参与集团校园招聘。常见需求包括研发工程师、工艺技术员等，学历要求本科及以上。总体适合有兴趣从事国防含能材料、火工品及爆炸技术领域的学生，但需关注保密管理、现场生产环境及军工企业常规工作特点。","无公开官网，招聘信息通过集团平台获取可能不及时;工作涉及保密要求，可能有涉密岗位;生产现场岗位偏实验室与操作结合，需适应特殊安全管理;具体薪资及作息安排未有最新公开数据","https://baike.baidu.com/item/辽宁北方华丰特种化工有限公司/7153241"
"辽宁华丰民用化工发展有限公司","国企","辽宁抚顺","未知","待核对","本科及以上线索，具体以最新公告为准","民爆器材,电子雷管,抚顺,校招线索","关注火工品、电子雷管和民爆器材方向的学生。,愿意到辽宁抚顺生产基地类岗位工作的学生。,需要逐项核对最新招聘公告的求职学生。","公开资料显示，辽宁华丰民用化工发展有限公司与民爆器材、电子雷管等方向有关，和弹药工程、火工品及安全技术方向关联较强。已有官网、学校就业网和政府项目公示线索，但最新校招、薪资、作息和股权状态仍需复查。","历史招聘公告不能代表当前岗位开放情况。;股权结构和签约主体需按最新公告复查。;生产岗位可能涉及现场、安全资质或倒班要求。;薪资和作息没有可靠公开口径。","http://www.hfmyhg.com/"
"辽宁庆阳特种化工有限公司","国企","辽宁省辽阳市","待核对","待核对","本科及以上（部分岗位硕士）","军工集团子公司,国家级含能材料基地,火炸药及特种化工生产企业,国防科技工业企业技术中心","对含能材料、火工品、爆破工程感兴趣的弹药工程与爆炸技术专业学生,希望进入军工相关企业从事工艺制造、安全技术工作的毕业生,接受倒班作业和现场操作岗位的在校生,对军工集团子公司企业文化感兴趣的应届毕业生","辽宁庆阳特种化工有限公司隶属于中国兵器工业集团公司北化研究院集团，位于辽宁省辽阳市，是兵器行业品种最全、集科研、试制、生产为一体的综合性火炸药及特种化工生产企业，国家级含能材料研究和生产基地。主要产品涵盖含能材料、有机中间体及精细化工、民爆器材三大系列，近200个品种。企业为国防科技工业战略保军单位和民爆自备工艺应用依托单位。公开资料显示，2026年有社会招聘技能操作岗位（生产一线倒班作业化工操作），招聘条件为本科及以上，试用期3000元/月，转正后执行岗位绩效薪酬并缴纳六险一金。公司不提供食宿。公司现有员工3000余人，享受国务院政府特贴，拥有国家级技能大师工作站等，属于军工相关企业。在校招生（弹药工程与爆炸技术专业）存在相关性，因企业主营产品为含能材料、火炸药及民爆器材，招聘简章中明确包含此专业。公开招聘入口以中国兵器工业集团北化研究院集团官网及国家大学生就业服务平台为准，校招主要通过集团内部系统或学校就业网发布。企业位于辽阳市文圣区，工作地点固定，无签约单位非总部的情况。公开信息中未发现涉密岗位，但作为军工企业，部分岗位可能涉及保密要求；社会招聘岗位为倒班作业，存在现场操作风险；部分招聘公告可能已过期或后续有调整。适合对含能材料、火工品、爆破工程、安全技术感兴趣的弹药工程与爆炸技术专业学生投递，但需关注具体岗位性质。","社会招聘公告可能已截止或有调整;倒班作业岗位存在现场操作风险;军工企业岗位可能涉及保密或涉密要求;具体薪资范围待核对（仅部分简章提及基础福利）;工作地点固定于辽阳市，无其他不确定点","http://qytzhg.norincogroup.com.cn/"
"辽沈工业集团有限公司","国企","辽宁沈阳","未知","待核对","本科及以上；硕士及以上","武器弹药研制生产,弹药工程与爆炸技术相关岗位,中国兵器工业集团直属,沈阳总部","弹药工程与爆炸技术专业学生,机械工程、材料科学等相关专业,有军工制造或试验验证兴趣的在校生,关注含能材料、火工品领域的求职者","辽沈工业集团有限公司为隶属于中国兵器工业集团的国有独资企业，总部位于辽宁省沈阳市大东区，核心业务为武器弹药研制生产，包括大中小口径炮弹、末敏弹等。企业与弹药工程与爆炸技术专业直接相关，历次校园招聘公告中明确招收该专业本科及以上或硕士及以上人员，岗位涉及设计、工艺、装药装配等领域。公开资料显示公司位于沈阳，主厂区沈阳东北部，民品涉及铝制易拉罐等。招聘主要通过学校就业网、猎聘、智联招聘等平台进行，暂无薪资和作息具体数据。企业性质明确为国企，适合相关专业学生了解军工制造方向，但工作地点主要为沈阳总部及关联厂区，需关注保密要求。","公告多为历史或特定年份，2026最新招聘未知;工作地点主要沈阳及关联厂区，不确定是否跨省;军工企业可能涉密、需保密审查;部分岗位偏生产/现场，存在倒班或特殊作息;无官方官网，招聘信息通过第三方平台发布","空字符串"
"重庆建设工业（集团）有限责任公司","国企","重庆重庆","未知","待核对","本科及以上线索，具体以最新公告为准","军工制造,轻武器装备,国资招聘,重庆区域","关注军工制造和装备工艺方向的学生。,希望在重庆区域就业的求职学生。,能接受涉密和厂区分配复核的学生。","公开招聘公告和学校就业网显示，重庆建设工业与军工制造、轻武器装备和工艺技术岗位有关，和弹药工程方向存在间接关联。但未确认其直接从事民爆或火工品业务，薪资、作息、多基地分配及涉密要求需以后续官方公告复核。","专业相关度偏军工制造，不是民爆核心单位。;历史招聘公告不能代表当前岗位开放。;缺少目标企业独立官网入口。;薪资、作息和涉密要求没有可靠公开口径。","http://www.sasac.gov.cn/n2588035/n2588325/n2588350/c31731319/content.html"
"重庆红宇精密工业集团有限公司","国企","重庆重庆","未知","待核对","本科及以上线索，具体以最新公告为准","特种装备,兵器弹药类岗位线索,重庆基地,校招线索","关注特种装备和兵器弹药类岗位的学生。,希望在重庆区域就业的求职学生。,愿意核对涉密、基地分配和岗位细节的学生。","官网、国资委招聘公告和学校就业网显示，重庆红宇精密工业集团与特种装备、精密制造及兵器弹药类招聘需求有关，和专业关联较强。薪资、作息、多基地分配、最新招聘流程及具体岗位仍需以最新公告复核。","历史校园招聘入口不能代表当前仍在招聘。;工作地点可能涉及重庆多个基地。;部分岗位可能有涉密或生产现场要求。;薪资和作息没有可靠公开口径。","https://hongyu.csgc.com.cn/"
"重庆长安工业（集团）有限责任公司","国企","重庆重庆市渝北区","未知","待核对","本科及以上；待核对","军民结合型,特种产品研发,智能制造,历史悠久兵工企业","关注特种装备研发和试验验证的弹药专业学生,对军工制造工艺和安全技术有兴趣的学生,适合考虑重庆本地就业的学生,对爆炸、含能材料相关方向感兴趣的专业学生","重庆长安工业（集团）有限责任公司是中国兵器装备集团公司旗下国有大型军民结合型企业，业务聚焦特种产品研制、智能制造和工程建设，历史追溯至1862年上海洋炮局，核心产品包括重型防雷反恐突击车等。适合弹药工程与爆炸技术专业学生，因为其安全工程技术、工艺制造及试验验证岗位与爆炸、含能材料、火工品等领域相关度较高。该企业现有招聘信号主要来自猎聘等平台，包含安全工程技术、机械结构设计工程师、硬件工程师等技术类岗位，工作地点主要为重庆渝北区，也有四川等地。总体相关度中等，适合对军工特种装备、试验验证和工艺制造感兴趣的专业学生。风险点包括岗位多为现场技术类，工作地点可能涉及子公司或试验基地，具体校招公告尚未公开，薪资无可靠来源。","工作地点可能涉及子公司或试验基地，非总部;岗位偏现场技术类，涉密风险未知;缺乏具体校招公告和薪资范围;作息安排未公开;部分信息基于第三方招聘平台，可能时效性不强","待核对"
"重庆顺安爆破器材有限公司","待核对","重庆市重庆市","未知","待核对","待核对","西南入口,民爆器材,政府许可资料,招聘入口线索","关注重庆民爆器材企业的学生。,关注生产技术、安全管理和爆破服务的学生。,愿意核对生产点和签约主体的求职学生。","重庆顺安爆破器材有限公司可作为重庆民爆器材和爆破服务入口。政府许可资料、应急监管入口和招聘平台可支撑行业相关性；官网连通性、股权口径、岗位、薪资、作息、生产点和签约主体仍需后续复查。","官网入口连通性不稳定。;招聘入口不能代表当前校招开放。;生产点和工作地点需按岗位确认。;薪资、作息和股权口径没有稳定公开证据。","https://jjxxw.cq.gov.cn/zwgk_213/gsgg/202303/t20230325_11811050.html"
"广东锡源爆破科技股份有限公司","民企（控股股东为广东冠中盈建设投资集团有限公司）","广东省惠州市","未知","待核对","本科及以上；待核对","国家一级爆破作业单位资质,矿山爆破一体化服务,安全评估监理,高校人才培养合作","对爆破工程设计与安全管理感兴趣的从业者,关注工程施工类职业发展的学生,希望在广东从事相关领域实习/工作的毕业生,偏好稳定运营而非高风险现场作业的求职者","锡源爆破有限公司（全称广东锡源爆破科技股份有限公司）位于广东省惠州市，核心业务为爆破工程设计施工、安全评估及安全监理等服务，属于爆破工程类企业。与弹药工程与爆炸技术专业存在关联度（相关业务包括矿山爆破、隧道爆破、水下炸礁、井桩爆破、爆破与拆除、特种爆破等），但主要面向工程施工与安全管理领域，并非纯军工或含能材料生产企业。招聘信息有限，仅显示销售工程师/销售助理等岗位，学历要求本科及以上，地点为广东省内，薪资面议，具体信号包括与高校的人才培养合作（如南华大学等）。整体规模适中，适合对爆破工程感兴趣的从业人员。资料来源于公司官网、公开招聘记录及第三方平台，未发现涉密或高风险信号。","招聘岗位与薪资信息较旧（2023年后无更新公告）;工作地点多为项目所在省份（如中山、惠州等地），需项目驱动;部分业务涉及现场施工，潜在安全风险;公告未明确是否为应届生专场或高校直招;数据来源为公开网页，未核实最新人事动态","http://www.xybaopo.com/"
"长春长光宇航复合材料有限公司","国企","长春新区长春","未知","待核对","本科及以上","固体火箭发动机复合材料壳体,喷管,扩张段,国家级专精特新小巨人","兵器类,探测制导,安全工程,机械自动化","长春长光宇航源于中科院长春光机所，属国有控股企业。公司专注于火箭、导弹等装备的复合材料壳体及喷管等核心部件研发。其业务与弹药工程、兵器科学高度契合，具备军工生产资质。作为国家级专精特新小巨人企业，技术底蕴深厚，非常适合武器类、材料类兵工专业毕业生投身于国防航天重点装备研发体系。","暂未发现明显公开风险;部分福利及作息细则需入职前核实","http://www.ccacm.net/"
"陕西北方民爆集团有限公司","待核对","陕西华阴","未知","待核对","本科及以上线索，具体以最新公告为准","民爆器材,爆破服务,陕西区域,校招线索","关注民爆器材和爆破服务方向的学生。,愿意核对陕西区域岗位和签约主体的求职学生。,对生产安全、爆破技术岗位有兴趣的学生。","公开招聘入口和股权资料显示，陕西北方民爆集团与民爆器材、爆破服务和陕西区域生产经营有关，和弹药工程、爆炸技术方向关联较强。但当前缺少企业官网和最新官方校招，薪资、作息、签约主体和工作地点都需复查。","当前缺少企业官网或官方公众号入口。;招聘平台信息只能作历史岗位线索，不能代表最新校招。;集团、控股公司和具体签约单位可能不同。;薪资、作息和工作地点没有可靠公开口径。","https://www.iguopin.com/company?id=10685311219622058"
"陕西庆华汽车安全系统有限公司","待核对","陕西西安","未知","待核对","本科及以上或研究生线索，具体以最新公告为准","点火具线索,产气药剂线索,汽车安全系统,军工背景待核对","关注火工品在汽车安全系统中应用的学生。,对含能材料、点火具和产气药剂有兴趣的学生。,愿意在西安核对具体岗位细则的求职学生。","公开资料显示，陕西庆华汽车安全系统与点火具、产气药剂、微型气体发生器等汽车安全火工品应用有关，和含能材料、火工品方向存在交集。但业务主线偏汽车安全系统，不宜写成弹药核心就业；最新岗位、薪资、作息和控股关系需复核。","相关度偏应用场景，不是弹药工程核心单位。;历史招聘公告不能代表当前仍在招聘。;企业性质和控股关系需按最新公告复核。;薪资、作息和生产现场要求没有可靠公开口径。","https://www.qhvss.com"
"陕西应用物理化学研究所","国企","陕西省西安市","待核对","待核对","本科及以上（研究生为主）；待核对","火工烟火技术专业研究所,国防科技重点实验室依托单位,中国兵器工业集团下属,民用爆破器材质量监督检验中心","弹药工程与爆炸技术专业学生,含能材料、火工品、爆炸技术方向研究生,关注军工科研与试验验证岗位,西安地区就职偏好者","陕西应用物理化学研究所（中国兵器工业第二一三研究所）与弹药工程与爆炸技术专业高度相关，是我国唯一火工烟火技术专业研究所，业务覆盖含能材料、火工品安全性可靠性、民用爆破器材等方向，隶属中国兵器工业集团，位于西安市。适合弹药工程与爆炸技术专业学生作为投递目标，研究方向与专业高度匹配。招聘信号显示2026届校园招聘已启动，岗位包括装置结构设计研发、含能药剂研发等。风险点包括工作地点位于西安，军工单位可能存在涉密/现场作业，薪资、作息及具体招聘渠道待核对，部分公告可能过期或需联系官方确认。","工作地点为西安单一区域，签约单位非独立企业总部;军工单位可能涉及涉密岗位或现场试验;招聘岗位多为研发，部分需加班或倒班;2026年校招公告可能已过或需重新确认最新信息;未找到独立官网，信息主要来自招聘平台",""
"陕西红旗民爆集团股份有限公司","国企","陕西省宝鸡市","未知","待核对","待核对","工业炸药,爆破服务,官网入口,校招线索","关注陕西区域民爆企业的学生,关注爆破工程技术方向的学生,关注安全管理和工艺岗位的学生","陕西红旗民爆集团股份有限公司公开资料显示业务涉及工业炸药、爆破服务等民爆方向，与弹药工程、爆破工程和安全技术方向相关。已有高校宣讲和政府公示线索，但最新校招、薪资、作息、股权和签约主体仍需按官方公告复查。","宣讲会信息为历史样本，不能代表当前岗位。;股权归属和签约主体需复查。;薪资、作息和学历要求未形成稳定证据。;部分岗位可能涉及现场或厂区环境。","https://hqmb.com.cn"
"青海青乐化工机械有限责任公司","待核对","青海省海东市","未知","待核对","本科及以上或专科岗位样本，待核对","青海区域,民爆器材,化工机械,招聘样本","关注青海区域就业的学生,关注民爆器材生产线索的学生,关注化工机械和现场技术岗位的学生","青海青乐化工机械有限责任公司可作为青海区域民爆器材和化工机械方向入口。现有证据以政府公告、集团招聘公告和地方招聘线索为主，相关性存在但不宜扩写为稳定校招单位；官网、股权、岗位、薪资和作息需后续复查。","未找到企业官网，信息更新依赖政府和招聘平台。;最新岗位是否开放需要复查。;企业性质和股权口径需核对。;薪资和作息没有稳定公开证据。","https://gxt.qinghai.gov.cn/1887702550763384833.html"
"鞍钢矿业爆破有限公司","待核对","辽宁省鞍山市","未知","待核对","待核对","矿山爆破,民爆一体化,校园招聘入口,现场工程","关注矿山爆破工程的学生,关注现场技术和安全管理的学生,能接受项目制或现场工作的学生","鞍钢矿业爆破有限公司官网显示其从事矿山爆破、爆破施工和民爆一体化服务，适合补充矿山场景下的爆破工程入口。该企业与弹药工程相关性偏工程应用，当前岗位、薪资、作息和项目地点需要按官网招聘栏目或最新公告复查。","岗位可能偏现场工程和项目地工作。;薪资和作息未见稳定公开口径。;股权与企业性质需按最新公开资料复查。;招聘栏目存在但具体开放岗位需重新确认。","https://www.akbaopo.com/"
"飞策防爆电器股份有限公司","民企","浙江省嘉兴市","未知","待核对","待核对","防爆灯具,防爆电器,矿用防爆","关注防爆电器、工业爆炸防护装备及配套的学生。,希望寻找长三角或华东区域防爆制造板块的学生。","飞策防爆电器股份有限公司是国内专业的防爆灯具 / 矿用防爆电气领域主体，产品包括防爆灯具、防爆电器、矿用防爆等。其产品及方向适用于弹药与爆炸技术防爆管理及配套，但具体岗位及作息待遇数据尚未被官方招聘直接佐证，需以当年最新材料核实。","当前无公开可考证的薪资与作息数据。;具体生产及研发岗位的学历门槛可能发生变化。;独立校招公告需按学校就业网最新批次更新。","https://www.feice.com/"
"黑龙江盛安民用爆破器材有限责任公司","待核对","黑龙江省双鸭山市","未知","待核对","待核对","东北入口,民爆器材,政府报道线索,政务报道线索","关注东北地区民爆企业的学生。,关注生产、安全和设备维护岗位线索的学生。,愿意后续核对招聘公告的求职学生。","黑龙江盛安民用爆破器材有限责任公司可作为东北地区民爆器材企业入口。现有资料以地方政府报道、新闻资料和政务报道为主，能支撑主体和行业相关性，但不能判断稳定校招、薪资、作息和具体岗位。","未找到稳定企业官网。;未见稳定公开招聘入口，不能判断当前校招开放。;薪资、作息和学历要求没有可靠公开口径。;工作地点可能涉及厂区或分支机构。","http://www.shuangyashan.gov.cn/sys/d83a395e787241e0a02a9528a12ed5ea/202503/c07_225914.shtml"
